은행코드,은행명,상품명,상품개요_설명,계약기간개월수_최소구간,계약기간개월수_최대구간,가입금액_최소구간,가입금액_최대구간,기본금리
D07,머스트삼일저축은행,정기예금 복리식,일정금액을 일정기간 동안 예치하여 예치기간이 만료되었을 때 정해진 이자를 받은 상품으로 목돈 운용에 적합,1개월 이상,3개월 미만,10만원 이상,제한없음,1.0
007,수협은행,헤이(Hey)정기예금,우대금리 조건없이 간단하며 이벤트시 특별금리를 제공하는 비대면 정기예금,12개월,12개월,십만원 이상,2억원 이하,3.95
007,수협은행,헤이(Hey)정기예금,우대금리 조건없이 간단하며 이벤트시 특별금리를 제공하는 비대면 정기예금,6개월 이상,12개월 미만,십만원 이상,2억원 이하,3.8
A11,HB 저축은행,정기예금,목돈을 일정기간 동안 예치하여 안정적인 수익을 추구하는 예금,24개월 이상,36개월 미만,10만원 이상,제한없음,3.6
032,부산은행,메리트정기예금,시장실세금리에 연동한 약정금리를 만기일까지 적용하는 확정금리 정기예금으로 단기 고금리 상품입,3개월 이상,6개월 미만,5백만원,제한없음,2.35
032,부산은행,정기예금,"목돈을 일정기간 예치하여 매월 이자를 지급하거나 
만기에 일시금으로 수령하는 목돈운용상품",24개월 이상,36개월 미만,100원,제한없음,2.8
032,부산은행,LIVE정기예금,특판 전용 정기예금,12개월 이상,24개월 미만,1천만원,제한없음,2.65
034,광주은행,행운박스예금,「행운박스」에 수시「이벤트」를 시행·판매하는 개인전용 정기예금,3개월,3개월,1백만원 이상,1억원 이하,3.1
D02,대백저축은행,애플정기예금복리식(인터넷뱅킹),목돈을 운영할 수 있는 예금상품 (만기일시 원리금 지급),12개월,12개월,"100,000원 이상",제한없음,4.2
032,부산은행,정기예금,"목돈을 일정기간 예치하여 매월 이자를 지급하거나 
만기에 일시금으로 수령하는 목돈운용상품",12개월 이상,24개월 미만,100원,제한없음,2.65
E05,센트럴저축은행,e-정기예금(단리식),일정기간을 정하여 자금을 예치하고 확정금리로 운영되는 상품,3개월 이상,6개월 미만,10만원 이상,제한없음,2.1
E04,삼호저축은행,정기예금(단리식),일정금액을 일정기간 동안 예치하여 월 단위 또는 예치기간이 만료되었을때 정해진 이자를 받는 상품,24개월 이상,36개월 이하,10만원 이상,제한없음,3.7
004,국민은행,일반정기예금,목돈을 일정기간동안 예치하여 안정적인 수익을 목적으로 하는 일시예치식 예금,6개월 이상,12개월 미만,10만원,제한없음,2.3
032,부산은행,정기예금,"목돈을 일정기간 예치하여 매월 이자를 지급하거나 
만기에 일시금으로 수령하는 목돈운용상품",36개월 이상,60개월 이하,100원,제한없음,2.75
032,부산은행,메리트정기예금,시장실세금리에 연동한 약정금리를 만기일까지 적용하는 확정금리 정기예금으로 단기 고금리 상품입,12개월,12개월,5백만원,제한없음,2.75
032,부산은행,메리트정기예금,시장실세금리에 연동한 약정금리를 만기일까지 적용하는 확정금리 정기예금으로 단기 고금리 상품입,1개월 이상,3개월 미만,5백만원,제한없음,2.15
032,부산은행,LIVE정기예금,특판 전용 정기예금,3개월 이상,6개월 미만,1천만원,제한없음,2.35
A06,OSB저축은행,단리 정기예금,"금리 하락 시에도 변동없는 확정금리 상품으로 고객님의 
여유자금을 안전하게 운용할 수 있는 목돈 굴리기 상품",24개월 이상,36개월 이하,10만원,제한없음,3.7
A10,민국저축은행,e-행복정기예금단리식,인터넷뱅킹을 이용하여 가입가능한 목돈굴리기 상품입니다.,6개월 이상,12개월 미만,10만원,제한없음,2.5
A06,OSB저축은행,단리 정기예금,"금리 하락 시에도 변동없는 확정금리 상품으로 고객님의 
여유자금을 안전하게 운용할 수 있는 목돈 굴리기 상품",1개월 이상,3개월 미만,10만원,제한없음,1.2
A06,OSB저축은행,단리 정기예금,"금리 하락 시에도 변동없는 확정금리 상품으로 고객님의 
여유자금을 안전하게 운용할 수 있는 목돈 굴리기 상품",3개월 이상,6개월 미만,10만원,제한없음,1.9
A10,민국저축은행,e-행복정기예금단리식,인터넷뱅킹을 이용하여 가입가능한 목돈굴리기 상품입니다.,12개월 이상,18개월 미만,10만원,제한없음,3.8
A10,민국저축은행,e-행복정기예금복리식,인터넷뱅킹을 이용하여 가입가능한 목돈굴리기 상품입니다.,3개월 이상,6개월 미만,10만원,제한없음,1.8
F05,오투저축은행,e-복리정기예금,일정기간 동안 목돈을 예치하고 만기에 이자를 지급 받는 거치식 상품,6개월이상,12개월미만,10만원이상,제한없음,3.5
A10,민국저축은행,e-행복정기예금단리식,인터넷뱅킹을 이용하여 가입가능한 목돈굴리기 상품입니다.,3개월 이상,6개월 미만,10만원,제한없음,1.8
B03,남양저축은행,비대면-정기예금복리식,"일정금액을 일정기간 동안 예치하여 월 단위 또는 예치기간이 
만료되었을 때 정해진 이자를 받은 상품으로 목돈 운용에 적합",6개월 이상,12개월 미만,10만원,제한없음,3.0
B05,부림저축은행,정기예금(복리식),목돈을 일정기간동안 예치하고 원금과 이자를 함께 받는 목돈 굴리기 상품 (창구 전용),3개월 이상,6개월 미만,10만원,제한없음,2.2
B05,부림저축은행,톡톡정기예금(단리식),"목돈을 일정기간동안 예치하고 매월 이자를 받는 목돈 굴리기 상품
 영업점을 방문하지않고 가입이 가능한 상품입니다.(비대면전용상품)",1개월 이상,3개월 미만,10만원,제한없음,2.0
D07,머스트삼일저축은행,정기예금 복리식,일정금액을 일정기간 동안 예치하여 예치기간이 만료되었을 때 정해진 이자를 받은 상품으로 목돈 운용에 적합,3개월 이상,6개월 미만,10만원 이상,제한없음,1.0
032,부산은행,정기예금,"목돈을 일정기간 예치하여 매월 이자를 지급하거나 
만기에 일시금으로 수령하는 목돈운용상품",12개월 이상,24개월 미만,100원,제한없음,2.75
032,부산은행,정기예금,"목돈을 일정기간 예치하여 매월 이자를 지급하거나 
만기에 일시금으로 수령하는 목돈운용상품",36개월 이상,60개월 이하,100원,제한없음,2.85
032,부산은행,정기예금,"목돈을 일정기간 예치하여 매월 이자를 지급하거나 
만기에 일시금으로 수령하는 목돈운용상품",1개월 이상,3개월 미만,100원,제한없음,2.15
032,부산은행,메리트정기예금,시장실세금리에 연동한 약정금리를 만기일까지 적용하는 확정금리 정기예금으로 단기 고금리 상품입,12개월,12개월,5백만원,제한없음,2.65
032,부산은행,메리트정기예금,시장실세금리에 연동한 약정금리를 만기일까지 적용하는 확정금리 정기예금으로 단기 고금리 상품입,3개월 이상,6개월 미만,5백만원,제한없음,2.45
A17,웰컴저축은행,m - 정기예금 (단리),여유자금을 일정기간 동안 확정금리로 예치하여 이자 수익을 얻을 수 있는 거치식 상품,36개월,36개월,10만원이상,제한없음,3.5
032,부산은행,정기예금,"목돈을 일정기간 예치하여 매월 이자를 지급하거나 
만기에 일시금으로 수령하는 목돈운용상품",1개월 이상,3개월 미만,100원,제한없음,2.25
F05,오투저축은행,e-정기예금,일정기간 동안 목돈을 예치하고 매월 이자를 지급 받는 거치식 상품,3개월이상,6개월미만,10만원이상,제한없음,3.0
032,부산은행,LIVE정기예금,특판 전용 정기예금,36개월 이상,60개월,1천만원,제한없음,2.75
032,부산은행,정기예금,"목돈을 일정기간 예치하여 매월 이자를 지급하거나 
만기에 일시금으로 수령하는 목돈운용상품",3개월 이상,6개월 미만,100원,제한없음,2.45
034,광주은행,행운박스예금,「행운박스」에 수시「이벤트」를 시행·판매하는 개인전용 정기예금,24개월,24개월,1백만원 이상,1억원 이하,3.1
F05,오투저축은행,비대면 정기예금(복리),일정기간 동안 목돈을 예치하고 만기에 이자를 지급하는 거치식 상품,24개월이상,36개월이하,10만원이상,제한없음,3.9
F05,오투저축은행,정기예금,일정기간 동안목돈을 예치하고 만기에  이자를 지급 받는 거치식 상품,24개월이상,36개월이하,10만원이상,제한없음,3.9
032,부산은행,LIVE정기예금,특판 전용 정기예금,1개월 이상,3개월 미만,1천만원,제한없음,2.25
034,광주은행,행운박스예금,「행운박스」에 수시「이벤트」를 시행·판매하는 개인전용 정기예금,36개월,36개월,1백만원 이상,1억원 이하,3.0
032,부산은행,LIVE정기예금,특판 전용 정기예금,36개월 이상,60개월,1천만원,제한없음,2.85
039,경남은행,올해는예금(시즌3),신규고객에 우대금리를 제공하는 비대면 정기예금 특판상품,6개월,6개월,1백만원 이상,10억원 이하,2.7
039,경남은행,올해는예금(시즌3),신규고객에 우대금리를 제공하는 비대면 정기예금 특판상품,12개월,12개월,1백만원 이상,10억원 이하,3.05
007,수협은행,일반정기예금,계약기간을 1개월이상 5년이하로 하는 거치식예금,12개월 이상,24개월 미만,1만원 이상,제한없음,2.5
D07,머스트삼일저축은행,정기예금 복리식,일정금액을 일정기간 동안 예치하여 예치기간이 만료되었을 때 정해진 이자를 받은 상품으로 목돈 운용에 적합,6개월 이상,12개월 미만,10만원 이상,제한없음,3.0
088,신한은행,Tops보증 정기예금,회전기간 단위로 계약기간 이내에서 이자율이 변경 적용되는 정기예금,12개월 이상,60개월 이하,3백만원 이상,제한없음,2.25
D07,머스트삼일저축은행,정기예금 복리식,일정금액을 일정기간 동안 예치하여 예치기간이 만료되었을 때 정해진 이자를 받은 상품으로 목돈 운용에 적합,12개월 이상,24개월 미만,10만원 이상,제한없음,3.8
088,신한은행,Tops보증 정기예금,회전기간 단위로 계약기간 이내에서 이자율이 변경 적용되는 정기예금,12개월 이상,60개월 이하,3백만원 이상,제한없음,2.55
088,신한은행,Tops보증 정기예금,회전기간 단위로 계약기간 이내에서 이자율이 변경 적용되는 정기예금,12개월 이상,60개월 이하,3백만원 이상,제한없음,2.75
088,신한은행,Tops보증 정기예금,회전기간 단위로 계약기간 이내에서 이자율이 변경 적용되는 정기예금,24개월 이상,60개월 이하,3백만원 이상,제한없음,2.85
004,국민은행,일반정기예금,목돈을 일정기간동안 예치하여 안정적인 수익을 목적으로 하는 일시예치식 예금,1개월 이상,3개월 미만,10만원,제한없음,1.65
A09,The-K 저축은행,회전식 정기예금,계약기간 회전주기(매 12개월) 단위로 약정이율이 변동되는 거치식 변동금리 정기예금 상품,36개월,36개월,10만원 이상,제한없음,4.1
D07,머스트삼일저축은행,정기예금 복리식,일정금액을 일정기간 동안 예치하여 예치기간이 만료되었을 때 정해진 이자를 받은 상품으로 목돈 운용에 적합,24개월 이상,36개월 미만,10만원 이상,제한없음,2.8
D07,머스트삼일저축은행,정기예금 복리식,일정금액을 일정기간 동안 예치하여 예치기간이 만료되었을 때 정해진 이자를 받은 상품으로 목돈 운용에 적합,36개월 이상,60개월 이하,10만원 이상,제한없음,2.8
A09,The-K 저축은행,정기예금,일정기간 여유자금을 예치하고 확정금리로 고수익으 보장하는 예금,1개월 이상,3개월 미만,10만원 이상,제한없음,1.0
A09,The-K 저축은행,정기예금,일정기간 여유자금을 예치하고 확정금리로 고수익으 보장하는 예금,3개월 이상,6개월 미만,10만원 이상,제한없음,1.1
A09,The-K 저축은행,정기예금,일정기간 여유자금을 예치하고 확정금리로 고수익으 보장하는 예금,6개월,6개월,10만원 이상,제한없음,3.2
A09,The-K 저축은행,정기예금,일정기간 여유자금을 예치하고 확정금리로 고수익으 보장하는 예금,6개월 초과,9개월 미만,10만원 이상,제한없음,2.7
A09,The-K 저축은행,정기예금,일정기간 여유자금을 예치하고 확정금리로 고수익으 보장하는 예금,9개월 이상,12개월 미만,10만원 이상,제한없음,3.8
A09,The-K 저축은행,정기예금,일정기간 여유자금을 예치하고 확정금리로 고수익으 보장하는 예금,12개월 이상,18개월 미만,10만원 이상,제한없음,4.1
007,수협은행,일반정기예금,계약기간을 1개월이상 5년이하로 하는 거치식예금,36개월,36개월,1만원 이상,제한없음,2.7
A09,The-K 저축은행,e-정기예금,일정기간 여유자금을 예치하고 확정금리로 고수익으 보장하는 온라인가입전용 예금,1개월 이상,3개월 미만,10만원 이상,제한없음,1.0
A09,The-K 저축은행,e-정기예금,일정기간 여유자금을 예치하고 확정금리로 고수익으 보장하는 온라인가입전용 예금,3개월 이상,6개월 미만,10만원 이상,제한없음,1.1
020,우리은행,정기예금,원하는 기간동안 자유롭게 목돈 굴리기,24개월 이상,36개월 미만,제한없음,제한없음,2.8
A09,The-K 저축은행,e-정기예금,일정기간 여유자금을 예치하고 확정금리로 고수익으 보장하는 온라인가입전용 예금,6개월,6개월,10만원 이상,제한없음,3.2
A09,The-K 저축은행,e-정기예금,일정기간 여유자금을 예치하고 확정금리로 고수익으 보장하는 온라인가입전용 예금,6개월 이상,9개월 미만,10만원 이상,제한없음,2.7
A09,The-K 저축은행,e-정기예금,일정기간 여유자금을 예치하고 확정금리로 고수익으 보장하는 온라인가입전용 예금,9개월 이상,12개월 미만,10만원 이상,제한없음,3.8
A09,The-K 저축은행,e-정기예금,일정기간 여유자금을 예치하고 확정금리로 고수익으 보장하는 온라이가입전용 예금,12개월 이상,18개월 미만,10만원 이상,제한없음,4.1
A09,The-K 저축은행,e-정기예금,일정기간 여유자금을 예치하고 확정금리로 고수익으 보장하는 온라인가입전용 예금,18개월 이상,36개월 이하,10만원 이상,제한없음,3.3
A09,The-K 저축은행,e-회전식 정기예금,계약기간 회전주기(매 12개월) 단위로 약정이율이 변동되는 온라인가입전용 거치식 변동금리 정기예금 상품,36개월,36개월,10만원 이상,제한없음,4.1
A11,HB 저축은행,정기예금,목돈을 일정기간 동안 예치하여 안정적인 수익을 추구하는 예금,6개월 이상,9개월 미만,10만원 이상,제한없음,3.3
A11,HB 저축은행,정기예금,목돈을 일정기간 동안 예치하여 안정적인 수익을 추구하는 예금,9개월 이상,10개월 미만,10만원 이상,제한없음,4.5
A11,HB 저축은행,정기예금,목돈을 일정기간 동안 예치하여 안정적인 수익을 추구하는 예금,10개월 이상,12개월 미만,10만원 이상,제한없음,3.3
A11,HB 저축은행,정기예금,목돈을 일정기간 동안 예치하여 안정적인 수익을 추구하는 예금,12개월 이상,13개월 미만,10만원 이상,제한없음,4.4
A11,HB 저축은행,정기예금,목돈을 일정기간 동안 예치하여 안정적인 수익을 추구하는 예금,13개월 이상,24개월 미만,10만원 이상,제한없음,3.6
A11,HB 저축은행,정기예금,목돈을 일정기간 동안 예치하여 안정적인 수익을 추구하는 예금,36개월,36개월,10만원 이상,제한없음,3.6
A19,다올 저축은행,Fi정기예금,일정기간 목돈을 안정적으로 운용하려는 고객을 위한 거치식 예금,1개월 이상,3개월 미만,1십만원 이상,제한없음,2.1
034,광주은행,넋이 예금,넋이 오월 정신을 기억하고 나눔의 가치 실천하는 정기예금,12개월,12개월,1백만원 이상,1억원 이하,2.95
A19,다올 저축은행,Fi정기예금,일정기간 목돈을 안정적으로 운용하려는 고객을 위한 거치식 예금,3개월 이상,6개월 미만,1십만원 이상,제한없음,2.3
A19,다올 저축은행,Fi정기예금,일정기간 목돈을 안정적으로 운용하려는 고객을 위한 거치식 예금,6개월 이상,12개월 미만,1십만원 이상,제한없음,2.5
A19,다올 저축은행,Fi정기예금,일정기간 목돈을 안정적으로 운용하려는 고객을 위한 거치식 예금,12개월,12개월,1십만원 이상,제한없음,3.95
A19,다올 저축은행,Fi정기예금,일정기간 목돈을 안정적으로 운용하려는 고객을 위한 거치식 예금,12개월 초과,24개월 이하,1십만원 이상,제한없음,3.85
A19,다올 저축은행,Fi 리볼빙 정기예금,1년 회전주기마다 자동으로 Fi정기예금 12개월 금리에 금리를 더하여 회전되는 정기예금 상품,36개월,36개월,1십만원 이상,제한없음,4.0
034,광주은행,굿스타트예금,처음 또는 오랜만에 예금이라면! 광주은행에서 굿스타트하세요~ 우대금리 0.4%p,12개월,12개월,1백만원 이상,1억원 이하,3.29
034,광주은행,행운박스예금,「행운박스」에 수시「이벤트」를 시행·판매하는 개인전용 정기예금,12개월,12개월,1백만원 이상,1억원 이하,3.3
D07,머스트삼일저축은행,e-정기예금(단리),일정금액을 일정기간 동안 예치하여 월 단위로 정해진 이자를 받은 상품으로 목돈 운용에 적합,6개월 이상,12개월 미만,10만원 이상,제한없음,4.3
034,광주은행,행운박스예금,「행운박스」에 수시「이벤트」를 시행·판매하는 개인전용 정기예금,1개월,1개월,1백만원 이상,1억원 이하,1.9
034,광주은행,행운박스예금,「행운박스」에 수시「이벤트」를 시행·판매하는 개인전용 정기예금,6개월,6개월,1백만원 이상,1억원 이하,3.2
007,수협은행,헤이(Hey)정기예금,우대금리 조건없이 간단하며 이벤트시 특별금리를 제공하는 비대면 정기예금,3개월 이상,6개월 미만,십만원 이상,2억원 이하,3.6
034,광주은행,넋이 예금,넋이 오월 정신을 기억하고 나눔의 가치 실천하는 정기예금,24개월,24개월,1백만원 이상,1억원 이하,3.15
007,수협은행,일반정기예금,계약기간을 1개월이상 5년이하로 하는 거치식예금,1개월 이상,3개월 미만,1만원 이상,제한없음,2.1
F05,오투저축은행,정기예금,일정기간 동안목돈을 예치하고 만기에  이자를 지급 받는 거치식 상품,6개월이상,12개월미만,10만원이상,제한없음,3.5
F05,오투저축은행,회전식정기예금(복리),회전기간별 약정이율로 복리계산하여 이자 및 원금을 만기시점에 일시지급,36개월,36개월,10만원이상,제한없음,4.3
D07,머스트삼일저축은행,e-정기예금(복리),일정금액을 일정기간 동안 예치하여 예치기간이 만료되었을 때 정해진 이자를 받은 상품으로 목돈 운용에 적합,6개월 이상,12개월 미만,10만원 이상,제한없음,4.3
D07,머스트삼일저축은행,e-정기예금(복리),일정금액을 일정기간 동안 예치하여 예치기간이 만료되었을 때 정해진 이자를 받은 상품으로 목돈 운용에 적합,12개월,12개월,10만원 이상,제한없음,4.3
F02,상상인플러스저축은행,e-정기예금_단기,"영업점 방문없이 인터넷/스마트폰을 이용해 개설이 가능하며, 일정기간동안 목돈을 예치하고 매월 또는 만기에 이자를 지급 받는 거치식 상품입니다",1개월이상,3개월미만,10만원이상,제한없음,2.21
032,부산은행,LIVE정기예금,특판 전용 정기예금,3개월 이상,6개월 미만,1천만원,제한없음,2.45
032,부산은행,LIVE정기예금,특판 전용 정기예금,12개월 이상,24개월 미만,1천만원,제한없음,2.75
081,하나은행,정기예금,목돈을 일정기간 동안 예치하여 안정적인 수익을 추구하는 예금,1개월 이상,3개월 미만,1만원 이상,제한없음,1.85
081,하나은행,정기예금,목돈을 일정기간 동안 예치하여 안정적인 수익을 추구하는 예금,3개월 이상,6개월 미만,1만원 이상,제한없음,2.05
032,부산은행,LIVE정기예금,특판 전용 정기예금,6개월 이상,12개월 미만,1천만원,제한없음,2.45
081,하나은행,정기예금,목돈을 일정기간 동안 예치하여 안정적인 수익을 추구하는 예금,6개월 이상,12개월 미만,1만원 이상,제한없음,2.15
081,하나은행,정기예금,목돈을 일정기간 동안 예치하여 안정적인 수익을 추구하는 예금,12개월 이상,24개월 미만,1만원 이상,제한없음,2.5
081,하나은행,정기예금,목돈을 일정기간 동안 예치하여 안정적인 수익을 추구하는 예금,24개월 이상,36개월 미만,1만원 이상,제한없음,2.6
081,하나은행,정기예금,목돈을 일정기간 동안 예치하여 안정적인 수익을 추구하는 예금,36개월,36개월,1만원 이상,제한없음,2.7
081,하나은행,정기예금,목돈을 일정기간 동안 예치하여 안정적인 수익을 추구하는 예금,48개월,48개월,1만원 이상,제한없음,2.7
081,하나은행,정기예금,목돈을 일정기간 동안 예치하여 안정적인 수익을 추구하는 예금,60개월,60개월,1만원 이상,제한없음,2.7
032,부산은행,LIVE정기예금,특판 전용 정기예금,24개월 이상,36개월 미만,1천만원,제한없음,2.7
A05,OK저축은행,OK e-안심앱플러스정기예금,OK모바일뱅킹앱에서 가입할 수 있는 1년 단위 회전식 정기예금,36개월,36개월,10만원 이상,100억원 이하,4.41
003,기업은행,i-ONE 놀이터예금,스탬프 적립에 따라 우대금리를 제공하는 비대면전용 거치식예금 상품,12개월,12개월,1백만원 이상,3천만원까지 (동일인당한도3천만원),3.25
088,신한은행,Tops보증 정기예금,회전기간 단위로 계약기간 이내에서 이자율이 변경 적용되는 정기예금,12개월 이상,60개월 이하,3백만원 이상,제한없음,2.45
A14,신한저축은행,정기예금,목돈을 일정기간 동안 약정금리로 예치하는 목돈굴리기 상품,36개월,36개월,10만원 이상,제한없음,1.8
E05,센트럴저축은행,e-정기예금(복리식),일정기간을 정하여 자금을 예치하고 확정금리로 운영되는 상품,3개월 이상,6개월 미만,10만원 이상,제한없음,2.1
E05,센트럴저축은행,e-정기예금(복리식),일정기간을 정하여 자금을 예치하고 확정금리로 운영되는 상품,1개월 이상,3개월 미만,10만원 이상,제한없음,2.0
A15,애큐온저축은행,애큐온모바일예금,중도해지 손해 없는 고금리 정기예금,12개월,12개월,1백만원 이상,제한없음,3.3
A14,신한저축은행,정기예금,목돈을 일정기간 동안 약정금리로 예치하는 목돈굴리기 상품,3개월,3개월,10만원 이상,제한없음,2.9
A14,신한저축은행,정기예금,목돈을 일정기간 동안 약정금리로 예치하는 목돈굴리기 상품,6개월,6개월,10만원 이상,제한없음,3.0
A14,신한저축은행,정기예금,목돈을 일정기간 동안 약정금리로 예치하는 목돈굴리기 상품,12개월,12개월,10만원 이상,제한없음,3.8
A14,신한저축은행,정기예금,목돈을 일정기간 동안 약정금리로 예치하는 목돈굴리기 상품,24개월,24개월,10만원 이상,제한없음,1.8
A15,애큐온저축은행,찾아쓰는정기예금,중도해지 손해 없는 고금리 정기예금,36개월,36개월,1백만원 이상,제한없음,3.1
D02,대백저축은행,정기예금단리식,여유자금으로 높은 수익을 얻을 수 있는 대표적인 예금상품으로 여유자금을 일정기간 예치하고 매월 이자를 받는 상품,1개월 이상,3개월 미만,"100,000원 이상",제한없음,2.9
D02,대백저축은행,정기예금단리식,여유자금으로 높은 수익을 얻을 수 있는 대표적인 예금상품으로 여유자금을 일정기간 예치하고 매월 이자를 받는 상품,3개월 이상,6개월 미만,"100,000원 이상",제한없음,3.4
D02,대백저축은행,정기예금단리식,여유자금으로 높은 수익을 얻을 수 있는 대표적인 예금상품으로 여유자금을 일정기간 예치하고 매월 이자를 받는 상품,6개월 이상,12개월 미만,"100,000원 이상",제한없음,3.8
D02,대백저축은행,정기예금단리식,여유자금으로 높은 수익을 얻을 수 있는 대표적인 예금상품으로 여유자금을 일정기간 예치하고 매월 이자를 받는 상품,12개월,12개월,"100,000원 이상",제한없음,4.5
D02,대백저축은행,정기예금단리식,여유자금으로 높은 수익을 얻을 수 있는 대표적인 예금상품으로 여유자금을 일정기간 예치하고 매월 이자를 받는 상품,12개월 초과,36개월 이하,"100,000원 이상",제한없음,2.0
D02,대백저축은행,정기예금복리식,여유자금으로 높은 수익을 얻을 수 있는 대표적인 예금상품으로 여유자금을 일정기간 예치하고 매월 이자를 받는 상품,1개월 이상,3개월 미만,"100,000원 이상",제한없음,2.9
D02,대백저축은행,정기예금복리식,여유자금으로 높은 수익을 얻을 수 있는 대표적인 예금상품으로 여유자금을 일정기간 예치하고 매월 이자를 받는 상품,3개월 이상,6개월 미만,"100,000원 이상",제한없음,3.4
E05,센트럴저축은행,e-정기예금(단리식),일정기간을 정하여 자금을 예치하고 확정금리로 운영되는 상품,12개월,12개월,10만원 이상,제한없음,3.8
D02,대백저축은행,정기예금복리식,여유자금으로 높은 수익을 얻을 수 있는 대표적인 예금상품으로 여유자금을 일정기간 예치하고 매월 이자를 받는 상품,12개월,12개월,"100,000원 이상",제한없음,4.5
D02,대백저축은행,정기예금복리식,여유자금으로 높은 수익을 얻을 수 있는 대표적인 예금상품으로 여유자금을 일정기간 예치하고 매월 이자를 받는 상품,12개월 초과,36개월 이하,"100,000원 이상",제한없음,2.0
D02,대백저축은행,애플정기예금단리식(인터넷뱅킹),여유자금으로 높은 수익을 얻을 수 있는 대표적인 예금상품으로 여유자금을 일정기간 예치하고 매월 이자를 받는 상품,6개월 이상,12개월 미만,"100,000원 이상",제한없음,3.6
D02,대백저축은행,애플정기예금단리식(인터넷뱅킹),여유자금으로 높은 수익을 얻을 수 있는 대표적인 예금상품으로 여유자금을 일정기간 예치하고 매월 이자를 받는 상품,12개월,12개월,"100,000원 이상",제한없음,4.2
D02,대백저축은행,애플정기예금단리식(인터넷뱅킹),여유자금으로 높은 수익을 얻을 수 있는 대표적인 예금상품으로 여유자금을 일정기간 예치하고 매월 이자를 받는 상품,12개월 초과,36개월 이하,"100,000원 이상",제한없음,2.0
D02,대백저축은행,애플정기예금복리식(인터넷뱅킹),목돈을 운영할 수 있는 예금상품 (만기일시 원리금 지급),6개월 이상,12개월 미만,"100,000원 이상",제한없음,3.6
D02,대백저축은행,애플정기예금복리식(인터넷뱅킹),목돈을 운영할 수 있는 예금상품 (만기일시 원리금 지급),12개월 초과,36개월 이하,"100,000원 이상",제한없음,2.0
D05,드림저축은행,정기예금(단리식),고객님의 여유자금을 맡기시면 최고의 수익률을 보장하는 고수익 예금입니다. (매월 이자를 받으시는 단리식 정기예금),1개월 이상,3개월 미만,10만원 이상,제한없음,1.5
F05,오투저축은행,정기예금,일정기간 동안목돈을 예치하고 만기에  이자를 지급 받는 거치식 상품,12개월이상,24개월미만,10만원이상,제한없음,4.3
D05,드림저축은행,정기예금(단리식),고객님의 여유자금을 맡기시면 최고의 수익률을 보장하는 고수익 예금입니다. (매월 이자를 받으시는 단리식 정기예금),3개월 이상,6개월 미만,10만원 이상,제한없음,2.5
D05,드림저축은행,정기예금(단리식),고객님의 여유자금을 맡기시면 최고의 수익률을 보장하는 고수익 예금입니다. (매월 이자를 받으시는 단리식 정기예금),6개월 이상,9개월 미만,10만원 이상,제한없음,3.5
D05,드림저축은행,정기예금(단리식),고객님의 여유자금을 맡기시면 최고의 수익률을 보장하는 고수익 예금입니다. (매월 이자를 받으시는 단리식 정기예금),9개월 이상,12개월 미만,10만원 이상,제한없음,3.5
D05,드림저축은행,정기예금(단리식),고객님의 여유자금을 맡기시면 최고의 수익률을 보장하는 고수익 예금입니다. (매월 이자를 받으시는 단리식 정기예금),12개월 이상,15개월 미만,10만원 이상,제한없음,4.4
D05,드림저축은행,정기예금(단리식),고객님의 여유자금을 맡기시면 최고의 수익률을 보장하는 고수익 예금입니다. (매월 이자를 받으시는 단리식 정기예금),15개월 이상,18개월 미만,10만원 이상,제한없음,4.1
D05,드림저축은행,정기예금(단리식),고객님의 여유자금을 맡기시면 최고의 수익률을 보장하는 고수익 예금입니다. (매월 이자를 받으시는 단리식 정기예금),18개월 이상,24개월 미만,10만원 이상,제한없음,3.1
D05,드림저축은행,정기예금(단리식),고객님의 여유자금을 맡기시면 최고의 수익률을 보장하는 고수익 예금입니다. (매월 이자를 받으시는 단리식 정기예금),24개월 이상,36개월 미만,10만원 이상,제한없음,3.1
D05,드림저축은행,정기예금(단리식),고객님의 여유자금을 맡기시면 최고의 수익률을 보장하는 고수익 예금입니다. (매월 이자를 받으시는 단리식 정기예금),36개월,36개월,10만원 이상,제한없음,2.6
D05,드림저축은행,정기예금(복리식),고객님의 여유자금을 맡기시면 최고의 수익률을 보장하는 고수익 예금 (매월 이자가 원금에 가산되어 만기시에 이자를 드리는 복리식),1개월 이상,3개월 미만,10만원 이상,제한없음,1.5
D05,드림저축은행,정기예금(복리식),고객님의 여유자금을 맡기시면 최고의 수익률을 보장하는 고수익 예금 (매월 이자가 원금에 가산되어 만기시에 이자를 드리는 복리식),3개월 이상,6개월 미만,10만원 이상,제한없음,2.5
D05,드림저축은행,정기예금(복리식),고객님의 여유자금을 맡기시면 최고의 수익률을 보장하는 고수익 예금 (매월 이자가 원금에 가산되어 만기시에 이자를 드리는 복리식),6개월 이상,9개월 미만,10만원 이상,제한없음,3.5
D05,드림저축은행,정기예금(복리식),고객님의 여유자금을 맡기시면 최고의 수익률을 보장하는 고수익 예금 (매월 이자가 원금에 가산되어 만기시에 이자를 드리는 복리식),12개월 이상,15개월 미만,10만원 이상,제한없음,4.4
032,부산은행,정기예금,"목돈을 일정기간 예치하여 매월 이자를 지급하거나 
만기에 일시금으로 수령하는 목돈운용상품",3개월 이상,6개월 미만,100원,제한없음,2.35
D05,드림저축은행,정기예금(복리식),고객님의 여유자금을 맡기시면 최고의 수익률을 보장하는 고수익 예금 (매월 이자가 원금에 가산되어 만기시에 이자를 드리는 복리식),15개월 이상,18개월 미만,10만원 이상,제한없음,4.1
D05,드림저축은행,정기예금(복리식),고객님의 여유자금을 맡기시면 최고의 수익률을 보장하는 고수익 예금 (매월 이자가 원금에 가산되어 만기시에 이자를 드리는 복리식),18개월 이상,24개월 미만,10만원 이상,제한없음,3.1
D05,드림저축은행,정기예금(복리식),고객님의 여유자금을 맡기시면 최고의 수익률을 보장하는 고수익 예금 (매월 이자가 원금에 가산되어 만기시에 이자를 드리는 복리식),24개월 이상,36개월 미만,10만원 이상,제한없음,3.1
032,부산은행,정기예금,"목돈을 일정기간 예치하여 매월 이자를 지급하거나 
만기에 일시금으로 수령하는 목돈운용상품",6개월 이상,12개월 미만,100원,제한없음,2.45
D05,드림저축은행,정기예금(복리식),고객님의 여유자금을 맡기시면 최고의 수익률을 보장하는 고수익 예금 (매월 이자가 원금에 가산되어 만기시에 이자를 드리는 복리식),36개월,36개월,10만원 이상,제한없음,2.6
D05,드림저축은행,"인터넷정기예금(단리식,1년이상)",고객님의 여유자금을 맡기시면 최고의 수익률을 보장하는 고수익 예금입니다. 매월 이자를 받으시는 단리식 정기예금.,12개월 이상,15개월 미만,10만원 이상,제한없음,4.3
D05,드림저축은행,"인터넷정기예금(단리식,1년이상)",고객님의 여유자금을 맡기시면 최고의 수익률을 보장하는 고수익 예금입니다. 매월 이자를 받으시는 단리식 정기예금.,18개월 이상,24개월 미만,10만원 이상,제한없음,3.1
D05,드림저축은행,"인터넷정기예금(단리식,1년이상)",고객님의 여유자금을 맡기시면 최고의 수익률을 보장하는 고수익 예금입니다. 매월 이자를 받으시는 단리식 정기예금.,24개월 이상,36개월 미만,10만원 이상,제한없음,3.1
D05,드림저축은행,"인터넷정기예금(단리식,1년이상)",고객님의 여유자금을 맡기시면 최고의 수익률을 보장하는 고수익 예금입니다. 매월 이자를 받으시는 단리식 정기예금.,36개월,36개월,10만원 이상,제한없음,2.6
D05,드림저축은행,"인터넷정기예금(단리식,1년미만)",고객님의 여유자금을 맡기시면 최고의 수익률을 보장하는 고수익 예금입니다. 매월 이자가 원금에 가산되어 만기시에 이자를 드리는 복리식 정기예금.,1개월 이상,3개월 미만,10만원 이상,제한없음,1.5
D05,드림저축은행,"인터넷정기예금(단리식,1년미만)",고객님의 여유자금을 맡기시면 최고의 수익률을 보장하는 고수익 예금입니다. 매월 이자가 원금에 가산되어 만기시에 이자를 드리는 복리식 정기예금.,3개월 이상,6개월 미만,10만원 이상,제한없음,2.5
D05,드림저축은행,"인터넷정기예금(단리식,1년미만)",고객님의 여유자금을 맡기시면 최고의 수익률을 보장하는 고수익 예금입니다. 매월 이자가 원금에 가산되어 만기시에 이자를 드리는 복리식 정기예금.,6개월 이상,9개월 미만,10만원 이상,제한없음,3.2
D05,드림저축은행,"인터넷정기예금(단리식,1년미만)",고객님의 여유자금을 맡기시면 최고의 수익률을 보장하는 고수익 예금입니다. 매월 이자가 원금에 가산되어 만기시에 이자를 드리는 복리식 정기예금.,9개월 이상,12개월 미만,10만원 이상,제한없음,3.2
D05,드림저축은행,"인터넷정기예금(복리식,1년이상)",고객님의 여유자금을 맡기시면 최고의 수익률을 보장하는 고수익 예금입니다. 매월 이자가 원금에 가산되어 만기시에 이자를 드리는 복리식 정기예금.,12개월 이상,15개월 미만,10만원 이상,제한없음,4.3
D05,드림저축은행,"인터넷정기예금(복리식,1년이상)",고객님의 여유자금을 맡기시면 최고의 수익률을 보장하는 고수익 예금입니다. 매월 이자가 원금에 가산되어 만기시에 이자를 드리는 복리식 정기예금.,15개월 이상,18개월 미만,10만원 이상,제한없음,4.1
D05,드림저축은행,"인터넷정기예금(복리식,1년이상)",고객님의 여유자금을 맡기시면 최고의 수익률을 보장하는 고수익 예금입니다. 매월 이자가 원금에 가산되어 만기시에 이자를 드리는 복리식 정기예금.,18개월 이상,24개월 미만,10만원 이상,제한없음,3.1
D05,드림저축은행,"인터넷정기예금(복리식,1년이상)",고객님의 여유자금을 맡기시면 최고의 수익률을 보장하는 고수익 예금입니다. 매월 이자가 원금에 가산되어 만기시에 이자를 드리는 복리식 정기예금.,24개월 이상,36개월 미만,10만원 이상,제한없음,3.1
D05,드림저축은행,"인터넷정기예금(복리식,1년이상)",고객님의 여유자금을 맡기시면 최고의 수익률을 보장하는 고수익 예금입니다. 매월 이자가 원금에 가산되어 만기시에 이자를 드리는 복리식 정기예금.,36개월,36개월,10만원 이상,제한없음,2.6
D05,드림저축은행,"인터넷정기예금(복리식,1년미만)",매월 이자가 원금에 가산되어 만기시에 이자를 받으시는 복리식 정기예금.,1개월 이상,3개월 미만,10만원 이상,제한없음,1.5
D05,드림저축은행,"인터넷정기예금(복리식,1년미만)",매월 이자가 원금에 가산되어 만기시에 이자를 받으시는 복리식 정기예금.,3개월 이상,6개월 미만,10만원 이상,제한없음,2.5
D05,드림저축은행,"인터넷정기예금(복리식,1년미만)",매월 이자가 원금에 가산되어 만기시에 이자를 받으시는 복리식 정기예금.,6개월 이상,9개월 미만,10만원 이상,제한없음,3.2
D05,드림저축은행,"인터넷정기예금(복리식,1년미만)",매월 이자가 원금에 가산되어 만기시에 이자를 받으시는 복리식 정기예금.,9개월 이상,12개월 미만,10만원 이상,제한없음,3.2
D07,머스트삼일저축은행,정기예금 단리식,일정금액을 일정기간 동안 예치하여 월 단위 정해진 이자를 받은 상품으로 목돈 운용에 적합,1개월 이상,3개월 미만,10만원 이상,제한없음,1.0
D05,드림저축은행,톡톡 정기예금(단리식),고객님의 여유자금을 맡기시면 최고의 수익률을 보장하는 고수익 예금입니다. 매월 이자를 받으시는 단리식 정기예금.,1개월 이상,3개월 미만,10만원 이상,제한없음,1.5
D05,드림저축은행,톡톡 정기예금(단리식),고객님의 여유자금을 맡기시면 최고의 수익률을 보장하는 고수익 예금입니다. 매월 이자를 받으시는 단리식 정기예금.,3개월 이상,6개월 미만,10만원 이상,제한없음,2.5
D05,드림저축은행,톡톡 정기예금(단리식),고객님의 여유자금을 맡기시면 최고의 수익률을 보장하는 고수익 예금입니다. 매월 이자를 받으시는 단리식 정기예금.,6개월 이상,9개월 미만,10만원 이상,제한없음,3.2
D05,드림저축은행,톡톡 정기예금(단리식),고객님의 여유자금을 맡기시면 최고의 수익률을 보장하는 고수익 예금입니다. 매월 이자를 받으시는 단리식 정기예금.,9개월 이상,12개월 미만,10만원 이상,제한없음,3.2
D05,드림저축은행,톡톡 정기예금(단리식),고객님의 여유자금을 맡기시면 최고의 수익률을 보장하는 고수익 예금입니다. 매월 이자를 받으시는 단리식 정기예금.,12개월 이상,15개월 미만,10만원 이상,제한없음,4.3
D05,드림저축은행,톡톡 정기예금(단리식),고객님의 여유자금을 맡기시면 최고의 수익률을 보장하는 고수익 예금입니다. 매월 이자를 받으시는 단리식 정기예금.,15개월 이상,18개월 미만,10만원 이상,제한없음,4.1
D05,드림저축은행,톡톡 정기예금(단리식),고객님의 여유자금을 맡기시면 최고의 수익률을 보장하는 고수익 예금입니다. 매월 이자를 받으시는 단리식 정기예금.,18개월 이상,24개월 미만,10만원 이상,제한없음,3.1
D05,드림저축은행,톡톡 정기예금(단리식),고객님의 여유자금을 맡기시면 최고의 수익률을 보장하는 고수익 예금입니다. 매월 이자를 받으시는 단리식 정기예금.,24개월 이상,36개월 미만,10만원 이상,제한없음,3.1
D05,드림저축은행,톡톡 정기예금(단리식),고객님의 여유자금을 맡기시면 최고의 수익률을 보장하는 고수익 예금입니다. 매월 이자를 받으시는 단리식 정기예금.,36개월,36개월,10만원 이상,제한없음,2.6
D05,드림저축은행,톡톡 정기예금(복리식),고객님의 여유자금을 맡기시면 최고의 수익률을 보장하는 고수익 예금입니다. 매월 이자가 원금에 가산되어 만기시에 이자를 드리는 복리식 정기예금.,1개월 이상,3개월 미만,10만원 이상,제한없음,1.5
D05,드림저축은행,톡톡 정기예금(복리식),고객님의 여유자금을 맡기시면 최고의 수익률을 보장하는 고수익 예금입니다. 매월 이자가 원금에 가산되어 만기시에 이자를 드리는 복리식 정기예금.,3개월 이상,6개월 미만,10만원 이상,제한없음,2.5
D05,드림저축은행,톡톡 정기예금(복리식),고객님의 여유자금을 맡기시면 최고의 수익률을 보장하는 고수익 예금입니다. 매월 이자가 원금에 가산되어 만기시에 이자를 드리는 복리식 정기예금.,18개월 이상,24개월 미만,10만원 이상,제한없음,3.1
D07,머스트삼일저축은행,정기예금 단리식,일정금액을 일정기간 동안 예치하여 월 단위 정해진 이자를 받은 상품으로 목돈 운용에 적합,36개월 이상,60개월 이하,10만원 이상,제한없음,2.8
D07,머스트삼일저축은행,비대면정기예금 복리식,일정금액을 일정기간 동안 예치하여 예치기간이 만료되었을 때 정해진 이자를 받은 상품으로 목돈 운용에 적합,6개월 이상,12개월 미만,10만원 이상,제한없음,4.3
D07,머스트삼일저축은행,비대면정기예금 복리식,일정금액을 일정기간 동안 예치하여 예치기간이 만료되었을 때 정해진 이자를 받은 상품으로 목돈 운용에 적합,12개월,12개월,10만원 이상,제한없음,4.3
D07,머스트삼일저축은행,비대면정기예금 단리식,일정금액을 일정기간 동안 예치하여 월 단위로 정해진 이자를 받은 상품으로 목돈 운용에 적합,6개월 이상,12개월 미만,10만원 이상,제한없음,4.3
D07,머스트삼일저축은행,비대면정기예금 단리식,일정금액을 일정기간 동안 예치하여 월 단위로 정해진 이자를 받은 상품으로 목돈 운용에 적합,12개월,12개월,10만원 이상,제한없음,4.3
A09,The-K 저축은행,정기예금,일정기간 여유자금을 예치하고 확정금리로 고수익으 보장하는 예금,18개월 이상,36개월 이하,10만원 이상,제한없음,3.3
A06,OSB저축은행,단리 정기예금,"금리 하락 시에도 변동없는 확정금리 상품으로 고객님의 
여유자금을 안전하게 운용할 수 있는 목돈 굴리기 상품",9개월 이상,10개월 미만,10만원,제한없음,4.5
A06,OSB저축은행,단리 정기예금,"금리 하락 시에도 변동없는 확정금리 상품으로 고객님의 
여유자금을 안전하게 운용할 수 있는 목돈 굴리기 상품",10개월 이상,24개월 미만,10만원,제한없음,4.3
D08,엠에스저축은행,정기예금(단리식),목돈을 일정기간 동안 예치하고 매월 또는 만기에 이자를 지급하는 가장 보편적인 장기저축 상품,1개월 이상,3개월 미만,10만원 이상,제한없음,2.4
D08,엠에스저축은행,정기예금(단리식),목돈을 일정기간 동안 예치하고 매월 또는 만기에 이자를 지급하는 가장 보편적인 장기저축 상품,3개월 이상,6개월 미만,10만원 이상,제한없음,2.6
D08,엠에스저축은행,정기예금(단리식),목돈을 일정기간 동안 예치하고 매월 또는 만기에 이자를 지급하는 가장 보편적인 장기저축 상품,6개월 이상,12개월 미만,10만원 이상,제한없음,3.0
A06,OSB저축은행,복리 정기예금,"금리 하락 시에도 변동없는 확정금리 상품으로 고객님의 
여유자금을 안전하게 운용할 수 있는 목돈 굴리기 상품",1개월 이상,3개월 미만,10만원,제한없음,1.2
D08,엠에스저축은행,정기예금(단리식),목돈을 일정기간 동안 예치하고 매월 또는 만기에 이자를 지급하는 가장 보편적인 장기저축 상품,12개월,12개월,10만원 이상,제한없음,4.3
D08,엠에스저축은행,정기예금(단리식),목돈을 일정기간 동안 예치하고 매월 또는 만기에 이자를 지급하는 가장 보편적인 장기저축 상품,13개월 이상,15개월 미만,10만원 이상,제한없음,4.0
D08,엠에스저축은행,정기예금(단리식),목돈을 일정기간 동안 예치하고 매월 또는 만기에 이자를 지급하는 가장 보편적인 장기저축 상품,15개월 이상,18개월 미만,10만원 이상,제한없음,4.0
D08,엠에스저축은행,정기예금(단리식),목돈을 일정기간 동안 예치하고 매월 또는 만기에 이자를 지급하는 가장 보편적인 장기저축 상품,18개월 이상,24개월 미만,10만원 이상,제한없음,4.0
D08,엠에스저축은행,정기예금(단리식),목돈을 일정기간 동안 예치하고 매월 또는 만기에 이자를 지급하는 가장 보편적인 장기저축 상품,24개월 이상,36개월 미만,10만원 이상,제한없음,3.1
D08,엠에스저축은행,정기예금(단리식),목돈을 일정기간 동안 예치하고 매월 또는 만기에 이자를 지급하는 가장 보편적인 장기저축 상품,36개월,36개월,10만원 이상,제한없음,3.1
D08,엠에스저축은행,정기예금(복리식),목돈을 일정기간 동안 예치하고 매월 또는 만기에 이자를 지급하는 가장 보편적인 장기저축 상품,1개월 이상,3개월 미만,10만원 이상,제한없음,2.4
D08,엠에스저축은행,정기예금(복리식),목돈을 일정기간 동안 예치하고 매월 또는 만기에 이자를 지급하는 가장 보편적인 장기저축 상품,3개월 이상,6개월 미만,10만원 이상,제한없음,2.6
D08,엠에스저축은행,정기예금(복리식),목돈을 일정기간 동안 예치하고 매월 또는 만기에 이자를 지급하는 가장 보편적인 장기저축 상품,6개월 이상,12개월 미만,10만원 이상,제한없음,3.0
D08,엠에스저축은행,정기예금(복리식),목돈을 일정기간 동안 예치하고 매월 또는 만기에 이자를 지급하는 가장 보편적인 장기저축 상품,12개월,12개월,10만원 이상,제한없음,4.3
D08,엠에스저축은행,정기예금(복리식),목돈을 일정기간 동안 예치하고 매월 또는 만기에 이자를 지급하는 가장 보편적인 장기저축 상품,13개월 이상,15개월 미만,10만원 이상,제한없음,4.0
D08,엠에스저축은행,정기예금(복리식),목돈을 일정기간 동안 예치하고 매월 또는 만기에 이자를 지급하는 가장 보편적인 장기저축 상품,15개월 이상,18개월 미만,10만원 이상,제한없음,4.0
D08,엠에스저축은행,정기예금(복리식),목돈을 일정기간 동안 예치하고 매월 또는 만기에 이자를 지급하는 가장 보편적인 장기저축 상품,18개월 이상,24개월 미만,10만원 이상,제한없음,4.0
D08,엠에스저축은행,정기예금(복리식),목돈을 일정기간 동안 예치하고 매월 또는 만기에 이자를 지급하는 가장 보편적인 장기저축 상품,24개월 이상,36개월 미만,10만원 이상,제한없음,3.1
088,신한은행,정기예금,목돈을 일정기간 동안 예치하여 안정적인 수익을 목적으로 하는 확정금리 예금상품,3개월 이상,6개월 미만,1만원 이상,제한없음,2.25
D08,엠에스저축은행,정기예금(복리식),목돈을 일정기간 동안 예치하고 매월 또는 만기에 이자를 지급하는 가장 보편적인 장기저축 상품,36개월,36개월,10만원 이상,제한없음,3.1
D08,엠에스저축은행,e-정기예금(단리식),(인터넷) 목돈을 일정기간 동안 예치하고 매월 또는 만기에 이자를 지급하는 가장 보편적인 장기저축 상품,1개월 이상,3개월 미만,10만원 이상,제한없음,2.4
D08,엠에스저축은행,e-정기예금(단리식),(인터넷) 목돈을 일정기간 동안 예치하고 매월 또는 만기에 이자를 지급하는 가장 보편적인 장기저축 상품,3개월 이상,6개월 미만,10만원 이상,제한없음,2.6
E05,센트럴저축은행,정기예금(단리식),목돈을 일정기간 동안 예치하고 안정적인 수익을 추구하는 거치식 예금상품,6개월 이상,12개월 미만,10만원 이상,제한없음,2.4
D08,엠에스저축은행,e-정기예금(단리식),(인터넷) 목돈을 일정기간 동안 예치하고 매월 또는 만기에 이자를 지급하는 가장 보편적인 장기저축 상품,6개월 이상,12개월 미만,10만원 이상,제한없음,3.0
D08,엠에스저축은행,e-정기예금(단리식),(인터넷) 목돈을 일정기간 동안 예치하고 매월 또는 만기에 이자를 지급하는 가장 보편적인 장기저축 상품,12개월,12개월,10만원 이상,제한없음,4.3
D08,엠에스저축은행,e-정기예금(단리식),(인터넷) 목돈을 일정기간 동안 예치하고 매월 또는 만기에 이자를 지급하는 가장 보편적인 장기저축 상품,13개월 이상,15개월 미만,10만원 이상,제한없음,3.3
D08,엠에스저축은행,e-정기예금(단리식),(인터넷) 목돈을 일정기간 동안 예치하고 매월 또는 만기에 이자를 지급하는 가장 보편적인 장기저축 상품,15개월 이상,18개월 미만,10만원 이상,제한없음,3.3
D08,엠에스저축은행,e-정기예금(단리식),(인터넷) 목돈을 일정기간 동안 예치하고 매월 또는 만기에 이자를 지급하는 가장 보편적인 장기저축 상품,18개월 이상,24개월 미만,10만원 이상,제한없음,3.3
A06,OSB저축은행,복리 정기예금,"금리 하락 시에도 변동없는 확정금리 상품으로 고객님의 
여유자금을 안전하게 운용할 수 있는 목돈 굴리기 상품",3개월 이상,6개월 미만,10만원,제한없음,1.9
A06,OSB저축은행,복리 정기예금,"금리 하락 시에도 변동없는 확정금리 상품으로 고객님의 
여유자금을 안전하게 운용할 수 있는 목돈 굴리기 상품",6개월 이상,9개월 미만,10만원,제한없음,4.3
D08,엠에스저축은행,e-정기예금(단리식),(인터넷) 목돈을 일정기간 동안 예치하고 매월 또는 만기에 이자를 지급하는 가장 보편적인 장기저축 상품,24개월 이상,36개월 미만,10만원 이상,제한없음,3.1
D08,엠에스저축은행,e-정기예금(단리식),(인터넷) 목돈을 일정기간 동안 예치하고 매월 또는 만기에 이자를 지급하는 가장 보편적인 장기저축 상품,36개월,36개월,10만원 이상,제한없음,3.1
D08,엠에스저축은행,e-정기예금(복리식),(인터넷) 목돈을 일정기간 동안 예치하고 매월 또는 만기에 이자를 지급하는 가장 보편적인 장기저축 상품,1개월 이상,3개월 미만,10만원 이상,제한없음,2.4
D08,엠에스저축은행,e-정기예금(복리식),(인터넷) 목돈을 일정기간 동안 예치하고 매월 또는 만기에 이자를 지급하는 가장 보편적인 장기저축 상품,3개월 이상,6개월 미만,10만원 이상,제한없음,2.6
D08,엠에스저축은행,e-정기예금(복리식),(인터넷) 목돈을 일정기간 동안 예치하고 매월 또는 만기에 이자를 지급하는 가장 보편적인 장기저축 상품,6개월 이상,12개월 미만,10만원 이상,제한없음,3.0
D08,엠에스저축은행,e-정기예금(복리식),(인터넷) 목돈을 일정기간 동안 예치하고 매월 또는 만기에 이자를 지급하는 가장 보편적인 장기저축 상품,12개월,12개월,10만원 이상,제한없음,4.3
D08,엠에스저축은행,e-정기예금(복리식),(인터넷) 목돈을 일정기간 동안 예치하고 매월 또는 만기에 이자를 지급하는 가장 보편적인 장기저축 상품,13개월 이상,15개월 미만,10만원 이상,제한없음,3.3
D08,엠에스저축은행,e-정기예금(복리식),(인터넷) 목돈을 일정기간 동안 예치하고 매월 또는 만기에 이자를 지급하는 가장 보편적인 장기저축 상품,15개월 이상,18개월 미만,10만원 이상,제한없음,3.3
D08,엠에스저축은행,e-정기예금(복리식),(인터넷) 목돈을 일정기간 동안 예치하고 매월 또는 만기에 이자를 지급하는 가장 보편적인 장기저축 상품,18개월 이상,24개월 미만,10만원 이상,제한없음,3.3
D08,엠에스저축은행,e-정기예금(복리식),(인터넷) 목돈을 일정기간 동안 예치하고 매월 또는 만기에 이자를 지급하는 가장 보편적인 장기저축 상품,24개월 이상,36개월 미만,10만원 이상,제한없음,3.1
D08,엠에스저축은행,e-정기예금(복리식),(인터넷) 목돈을 일정기간 동안 예치하고 매월 또는 만기에 이자를 지급하는 가장 보편적인 장기저축 상품,36개월,36개월,10만원 이상,제한없음,3.1
088,신한은행,정기예금,목돈을 일정기간 동안 예치하여 안정적인 수익을 목적으로 하는 확정금리 예금상품,6개월 이상,9개월 미만,1만원 이상,제한없음,2.55
A06,OSB저축은행,복리 정기예금,"금리 하락 시에도 변동없는 확정금리 상품으로 고객님의 
여유자금을 안전하게 운용할 수 있는 목돈 굴리기 상품",9개월 이상,10개월 미만,10만원,제한없음,4.5
A06,OSB저축은행,복리 정기예금,"금리 하락 시에도 변동없는 확정금리 상품으로 고객님의 
여유자금을 안전하게 운용할 수 있는 목돈 굴리기 상품",10개월 이상,24개월 미만,10만원,제한없음,4.3
A06,OSB저축은행,복리 정기예금,"금리 하락 시에도 변동없는 확정금리 상품으로 고객님의 
여유자금을 안전하게 운용할 수 있는 목돈 굴리기 상품",24개월 이상,36개월,10만원,제한없음,3.7
011,농협은행,정기예금,예치기간을 미리 약정하고 일정금액을 예입하는 거치식 예금,3개월이상,6개월 미만,1천원이상,제한없음,0.65
011,농협은행,NH올원e예금,손쉽게 목돈을 굴릴 수 있는 농협은행 비대면 전용 대표 거치식 예금,1개월 이상,3개월 미만,10만원 이상,10억원 이하,1.4
011,농협은행,NH올원e예금,손쉽게 목돈을 굴릴 수 있는 농협은행 비대면 전용 대표 거치식 예금,3개월 이상,6개월 미만,10만원 이상,10억원 이하,1.67
020,우리은행,우리 SUPER 정기예금,"만기일을 일, 월 단위로 자유롭게 선택할 수 있으며 10년까지 자동 재예치가 가능한 다양한 기능을 갖춘 개인고객 대상 전용 정기예금",24개월 이상,36개월 미만,1백만원 이상,제한없음,3.2
011,농협은행,NH올원e예금,손쉽게 목돈을 굴릴 수 있는 농협은행 비대면 전용 대표 거치식 예금,6개월 이상,12개월 미만,10만원 이상,10억원 이하,2.17
011,농협은행,NH올원e예금,손쉽게 목돈을 굴릴 수 있는 농협은행 비대면 전용 대표 거치식 예금,12개월 이상,24개월 미만,10만원 이상,10억원 이하,2.52
011,농협은행,NH올원e예금,손쉽게 목돈을 굴릴 수 있는 농협은행 비대면 전용 대표 거치식 예금,24개월 이상,36개월 이하,10만원 이상,10억원 이하,3.0
011,농협은행,NH왈츠회전예금 Ⅱ,월단위로 회전주기를 선택할 수 있고 회전주기마다 실세금리를 적용하는 개인전용 회전예금,12개월 이상,36개월 이하,300만원 이상,제한없음,0.77
011,농협은행,NH왈츠회전예금 Ⅱ,월단위로 회전주기를 선택할 수 있고 회전주기마다 실세금리를 적용하는 개인전용 회전예금,12개월 이상,36개월 이하,300만원 이상,제한없음,1.06
011,농협은행,NH왈츠회전예금 Ⅱ,월단위로 회전주기를 선택할 수 있고 회전주기마다 실세금리를 적용하는 개인전용 회전예금,12개월 이상,36개월 이하,300만원 이상,제한없음,1.35
088,신한은행,정기예금,목돈을 일정기간 동안 예치하여 안정적인 수익을 목적으로 하는 확정금리 예금상품,12개월 이상,24개월 미만,1만원 이상,제한없음,2.65
011,농협은행,NH왈츠회전예금 Ⅱ,월단위로 회전주기를 선택할 수 있고 회전주기마다 실세금리를 적용하는 개인전용 회전예금,12개월 이상,36개월 이하,300만원 이상,제한없음,1.73
011,농협은행,정기예금,예치기간을 미리 약정하고 일정금액을 예입하는 거치식 예금,24개월이상,36개월 미만,1천원이상,제한없음,0.9
A06,OSB저축은행,OSB회전식단리정기예금,"회전주기 매 년 시점의 정기예금 개월 금리에 
우대금리를 더해 자동회전되며 1 매 년 경과 후 
중도해지시 회전주기 완료기간은 약정이율이 적용되는 
중도해지 손실을 최소화한 장기운용상품 (변동금리 상품)",36 개월,36 개월,100만원,제한없음,4.3
A06,OSB저축은행,OSB회전식복리정기예금,"회전주기 매 년 시점의 정기예금 개월 금리에 
우대금리를 더해 자동회전되며 1 매 년 경과 후 
중도해지시 회전주기 완료기간은 약정이율이 적용되는 
중도해지 손실을 최소화한 장기운용상품 (변동금리 상품)",36 개월,36 개월,100만원,제한없음,4.3
011,농협은행,정기예금,예치기간을 미리 약정하고 일정금액을 예입하는 거치식 예금,1개월이상,3개월 미만,1천원이상,제한없음,0.55
011,농협은행,정기예금,예치기간을 미리 약정하고 일정금액을 예입하는 거치식 예금,6개월이상,12개월 미만,1천원이상,제한없음,0.75
011,농협은행,정기예금,예치기간을 미리 약정하고 일정금액을 예입하는 거치식 예금,12개월이상,24개월 미만,1천원이상,제한없음,0.85
011,농협은행,정기예금,예치기간을 미리 약정하고 일정금액을 예입하는 거치식 예금,36개월,36개월,1천원이상,제한없음,1.1
011,농협은행,초장기회전예금,최장 15년까지 장기간 예치가 가능한 거치식 상품,12개월 이상,300개월 이하,10만원이상,제한없음,1.2
020,우리은행,우리 SUPER 정기예금,"만기일을 일, 월 단위로 자유롭게 선택할 수 있으며 10년까지 자동 재예치가 가능한 다양한 기능을 갖춘 개인고객 대상 전용 정기예금",12개월 이상,24개월 미만,1백만원 이상,제한없음,3.0
E05,센트럴저축은행,정기예금(복리식),목돈을 일정기간 동안 예치하고 안정적인 수익을 추구하는 거치식 예금상품,12개월,12개월,10만원 이상,제한없음,4.0
E05,센트럴저축은행,e-정기예금(단리식),일정기간을 정하여 자금을 예치하고 확정금리로 운영되는 상품,1개월 이상,3개월 미만,10만원 이상,제한없음,2.0
088,신한은행,정기예금,목돈을 일정기간 동안 예치하여 안정적인 수익을 목적으로 하는 확정금리 예금상품,36개월 이상,48개월 미만,1만원 이상,제한없음,2.75
F02,상상인플러스저축은행,e-정기예금_단기,"영업점 방문없이 인터넷/스마트폰을 이용해 개설이 가능하며, 일정기간동안 목돈을 예치하고 매월 또는 만기에 이자를 지급 받는 거치식 상품입니다",3개월이상,6개월미만,10만원이상,제한없음,2.31
E04,삼호저축은행,정기예금 단리식(인터넷-모바일),일정금액을 일정기간 동안 예치하여 월 단위 또는 예치기간이 만료되었을때 정해진 이자를 받는 상품,24개월 이상,36개월 이하,10만원 이상,제한없음,3.7
088,신한은행,정기예금,목돈을 일정기간 동안 예치하여 안정적인 수익을 목적으로 하는 확정금리 예금상품,48개월 이상,60개월 미만,1만원 이상,제한없음,2.8
A03,KB저축은행,정기예금,확정금리로 높은 수익을 누리는 정기예금,24개월 이상,36개월 이하,100만원 이상,제한없음,2.4
032,부산은행,메리트정기예금,시장실세금리에 연동한 약정금리를 만기일까지 적용하는 확정금리 정기예금으로 단기 고금리 상품입,6개월 이상,12개월 미만,5백만원,제한없음,2.45
037,전북은행,JB FUN 세이브 통장,예금 이자를 매월 선이자로 받아 재테크(적금 또는 펀드 적립),1개월 이상,3개월 미만,2천만원 이상,제한없음,2.0
020,우리은행,정기예금,원하는 기간동안 자유롭게 목돈 굴리기,36개월,36개월,제한없음,제한없음,2.9
037,전북은행,JB FUN 세이브 통장,"예금 이자를 매월 선이자로 받아 재테크(적금 또는 펀드 적립)
",3개월 이상,6개월 미만,2천만원 이상,제한없음,2.3
037,전북은행,JB FUN 세이브 통장,예금 이자를 매월 선이자로 받아 재테크(적금 또는 펀드 적립),6개월 이상,12개월 미만,2천만원 이상,제한없음,2.5
032,부산은행,LIVE정기예금,특판 전용 정기예금,1개월 이상,3개월 미만,1천만원,제한없음,2.15
037,전북은행,JB FUN 세이브 통장,예금 이자를 매월 선이자로 받아 재테크(적금 또는 펀드 적립),12개월 이상,24개월 미만,2천만원 이상,제한없음,2.8
037,전북은행,JB FUN 세이브 통장,예금 이자를 매월 선이자로 받아 재테크(적금 또는 펀드 적립),24개월 이상,36개월 미만,2천만원 이상,제한없음,2.9
037,전북은행,JB FUN 세이브 통장,예금 이자를 매월 선이자로 받아 재테크(적금 또는 펀드 적립),36개월,36개월,2천만원 이상,제한없음,2.95
A03,KB저축은행,KB e-plus정기예금,확정금리로 높은 수익을 누리는 온라인 가입전용 정기예금,3개월 이상,6개월 미만,100만원 이상,제한없음,2.4
A03,KB저축은행,정기예금,확정금리로 높은 수익을 누리는 정기예금,3개월 이상,6개월 미만,100만원 이상,제한없음,2.3
A03,KB저축은행,정기예금,확정금리로 높은 수익을 누리는 정기예금,12개월 이상,24개월 미만,100만원 이상,제한없음,3.7
A03,KB저축은행,KB e-plus정기예금,확정금리로 높은 수익을 누리는 온라인 가입전용 정기예금,6개월 이상,12개월 미만,100만원 이상,제한없음,2.6
A03,KB저축은행,KB e-plus정기예금,확정금리로 높은 수익을 누리는 온라인 가입전용 정기예금,12개월 이상,24개월 미만,100만원 이상,제한없음,3.8
A03,KB저축은행,KB e-plus정기예금,확정금리로 높은 수익을 누리는 온라인 가입전용 정기예금,24개월 이상,36개월 이하,100만원 이상,제한없음,2.5
A05,OK저축은행,중도해지OK정기예금6,6개월 이상 단기 여유자금 운용에 유용한 목돈 굴리기 상품,12개월,12개월,10만원 이상,1억원 이하,2.5
A05,OK저축은행,중도해지OK정기예금369,하루만 맡겨도 약정금리(3개월 단위 변동금리)가 적용되는 목돈 굴리기 상품,36개월,36개월,10만원 이상,제한없음,3.5
A18,유안타저축은행,정기예금(단리식),"일정금액을 일정기간을 정하여 저축은행에 예치하고, 월단위 정해진 이자를 지급하는 기한부 예금으로 목돈을 운용하기 적합한 상품 (창구 전용상품)",1개월 이상,3개월 미만,10만원 이상,제한없음,2.0
A18,유안타저축은행,정기예금(단리식),"일정금액을 일정기간을 정하여 저축은행에 예치하고, 월단위 정해진 이자를 지급하는 기한부 예금으로 목돈을 운용하기 적합한 상품 (창구 전용상품)",3개월 이상,6개월 미만,10만원 이상,제한없음,2.5
A18,유안타저축은행,정기예금(단리식),"일정금액을 일정기간을 정하여 저축은행에 예치하고, 월단위 정해진 이자를 지급하는 기한부 예금으로 목돈을 운용하기 적합한 상품 (창구 전용상품)",6개월 이상,12개월 미만,10만원 이상,제한없음,3.2
A18,유안타저축은행,정기예금(단리식),"일정금액을 일정기간을 정하여 저축은행에 예치하고, 월단위 정해진 이자를 지급하는 기한부 예금으로 목돈을 운용하기 적합한 상품 (창구 전용상품)",12개월 이상,18개월 미만,10만원 이상,제한없음,4.35
A18,유안타저축은행,정기예금(단리식),"일정금액을 일정기간을 정하여 저축은행에 예치하고, 월단위 정해진 이자를 지급하는 기한부 예금으로 목돈을 운용하기 적합한 상품 (창구 전용상품)",18개월 이상,24개월 미만,10만원 이상,제한없음,4.2
A18,유안타저축은행,정기예금(단리식),"일정금액을 일정기간을 정하여 저축은행에 예치하고, 월단위 정해진 이자를 지급하는 기한부 예금으로 목돈을 운용하기 적합한 상품 (창구 전용상품)",24개월 이상,30개월 미만,10만원 이상,제한없음,4.05
A18,유안타저축은행,정기예금(단리식),"일정금액을 일정기간을 정하여 저축은행에 예치하고, 월단위 정해진 이자를 지급하는 기한부 예금으로 목돈을 운용하기 적합한 상품 (창구 전용상품)",30개월 이상,36개월 이하,10만원 이상,제한없음,3.75
A18,유안타저축은행,정기예금(복리식),"일정금액을 일정기간을 정하여 저축은행에 예치하고, 예치기간이 만료되었을 때 정해진 이자를 지급하는 기한부 예금으로 목돈을 운용하기 적합한 상품 (창구 전용상품)",1개월 이상,3개월 미만,10만원 이상,제한없음,2.0
A18,유안타저축은행,정기예금(복리식),"일정금액을 일정기간을 정하여 저축은행에 예치하고, 예치기간이 만료되었을 때 정해진 이자를 지급하는 기한부 예금으로 목돈을 운용하기 적합한 상품 (창구 전용상품)",3개월 이상,6개월 미만,10만원 이상,제한없음,2.5
A18,유안타저축은행,정기예금(복리식),"일정금액을 일정기간을 정하여 저축은행에 예치하고, 예치기간이 만료되었을 때 정해진 이자를 지급하는 기한부 예금으로 목돈을 운용하기 적합한 상품 (창구 전용상품)",6개월 이상,12개월 미만,10만원 이상,제한없음,3.2
A18,유안타저축은행,정기예금(복리식),"일정금액을 일정기간을 정하여 저축은행에 예치하고, 예치기간이 만료되었을 때 정해진 이자를 지급하는 기한부 예금으로 목돈을 운용하기 적합한 상품 (창구 전용상품)",12개월 이상,18개월 미만,10만원 이상,제한없음,4.35
A18,유안타저축은행,정기예금(복리식),"일정금액을 일정기간을 정하여 저축은행에 예치하고, 예치기간이 만료되었을 때 정해진 이자를 지급하는 기한부 예금으로 목돈을 운용하기 적합한 상품 (창구 전용상품)",18개월 이상,24개월 미만,10만원 이상,제한없음,4.2
A18,유안타저축은행,정기예금(복리식),"일정금액을 일정기간을 정하여 저축은행에 예치하고, 예치기간이 만료되었을 때 정해진 이자를 지급하는 기한부 예금으로 목돈을 운용하기 적합한 상품 (창구 전용상품)",24개월 이상,30개월 미만,10만원 이상,제한없음,4.05
A18,유안타저축은행,정기예금(복리식),"일정금액을 일정기간을 정하여 저축은행에 예치하고, 예치기간이 만료되었을 때 정해진 이자를 지급하는 기한부 예금으로 목돈을 운용하기 적합한 상품 (창구 전용상품)",30개월 이상,36개월 이하,10만원 이상,제한없음,3.75
A18,유안타저축은행,e-정기예금(단리식),"일정금액을 일정기간을 정하여 저축은행에 예치하고, 월단위 정해진 이자를 지급하는 기한부 예금으로 목돈을 운용하기 적합한 상품 (인터넷, 스마트폰 전용 상품)",1개월 이상,3개월 미만,10만원 이상,제한없음,2.0
A18,유안타저축은행,e-정기예금(단리식),"일정금액을 일정기간을 정하여 저축은행에 예치하고, 월단위 정해진 이자를 지급하는 기한부 예금으로 목돈을 운용하기 적합한 상품 (인터넷, 스마트폰 전용 상품)",3개월 이상,6개월 미만,10만원 이상,제한없음,2.5
A18,유안타저축은행,e-정기예금(단리식),"일정금액을 일정기간을 정하여 저축은행에 예치하고, 월단위 정해진 이자를 지급하는 기한부 예금으로 목돈을 운용하기 적합한 상품 (인터넷, 스마트폰 전용 상품)",6개월 이상,12개월 미만,10만원 이상,제한없음,3.2
A18,유안타저축은행,e-정기예금(단리식),"일정금액을 일정기간을 정하여 저축은행에 예치하고, 월단위 정해진 이자를 지급하는 기한부 예금으로 목돈을 운용하기 적합한 상품 (인터넷, 스마트폰 전용 상품)",12개월 이상,18개월 미만,10만원 이상,제한없음,4.4
A18,유안타저축은행,e-정기예금(단리식),"일정금액을 일정기간을 정하여 저축은행에 예치하고, 월단위 정해진 이자를 지급하는 기한부 예금으로 목돈을 운용하기 적합한 상품 (인터넷, 스마트폰 전용 상품)",18개월 이상,24개월 미만,10만원 이상,제한없음,4.25
A18,유안타저축은행,e-정기예금(단리식),"일정금액을 일정기간을 정하여 저축은행에 예치하고, 월단위 정해진 이자를 지급하는 기한부 예금으로 목돈을 운용하기 적합한 상품 (인터넷, 스마트폰 전용 상품)",24개월 이상,30개월 미만,10만원 이상,제한없음,4.1
A18,유안타저축은행,e-정기예금(단리식),"일정금액을 일정기간을 정하여 저축은행에 예치하고, 월단위 정해진 이자를 지급하는 기한부 예금으로 목돈을 운용하기 적합한 상품 (인터넷, 스마트폰 전용 상품)",30개월 이상,36개월 이하,10만원 이상,제한없음,3.8
A18,유안타저축은행,e-정기예금(복리식),"일정금액을 일정기간을 정하여 저축은행에 예치하고, 예치기간이 만료되었을 때 정해진 이자를 지급하는 기한부 예금으로 목돈을 운용하기 적합한 상품 (인터넷, 스마트폰 전용 상품)",1개월 이상,3개월 미만,10만원 이상,제한없음,2.0
A18,유안타저축은행,e-정기예금(복리식),"일정금액을 일정기간을 정하여 저축은행에 예치하고, 예치기간이 만료되었을 때 정해진 이자를 지급하는 기한부 예금으로 목돈을 운용하기 적합한 상품 (인터넷, 스마트폰 전용 상품)",3개월 이상,6개월 미만,10만원 이상,제한없음,2.5
A18,유안타저축은행,e-정기예금(복리식),"일정금액을 일정기간을 정하여 저축은행에 예치하고, 예치기간이 만료되었을 때 정해진 이자를 지급하는 기한부 예금으로 목돈을 운용하기 적합한 상품 (인터넷, 스마트폰 전용 상품)",6개월 이상,12개월 미만,10만원 이상,제한없음,3.2
A18,유안타저축은행,e-정기예금(복리식),"일정금액을 일정기간을 정하여 저축은행에 예치하고, 예치기간이 만료되었을 때 정해진 이자를 지급하는 기한부 예금으로 목돈을 운용하기 적합한 상품 (인터넷, 스마트폰 전용 상품)",12개월 이상,18개월 미만,10만원 이상,제한없음,4.4
A18,유안타저축은행,e-정기예금(복리식),"일정금액을 일정기간을 정하여 저축은행에 예치하고, 예치기간이 만료되었을 때 정해진 이자를 지급하는 기한부 예금으로 목돈을 운용하기 적합한 상품 (인터넷, 스마트폰 전용 상품)",18개월 이상,24개월 미만,10만원 이상,제한없음,4.25
A18,유안타저축은행,e-정기예금(복리식),"일정금액을 일정기간을 정하여 저축은행에 예치하고, 예치기간이 만료되었을 때 정해진 이자를 지급하는 기한부 예금으로 목돈을 운용하기 적합한 상품 (인터넷, 스마트폰 전용 상품)",24개월 이상,30개월 미만,10만원 이상,제한없음,4.1
A18,유안타저축은행,e-정기예금(복리식),"일정금액을 일정기간을 정하여 저축은행에 예치하고, 예치기간이 만료되었을 때 정해진 이자를 지급하는 기한부 예금으로 목돈을 운용하기 적합한 상품 (인터넷, 스마트폰 전용 상품)",30개월 이상,36개월 이하,10만원 이상,제한없음,3.8
A18,유안타저축은행,SB톡톡 정기예금(단리식),"일정금액을 일정기간을 정하여 저축은행에 예치하고, 월단위 정해진 이자를 지급하는 기한부 예금으로 목돈을 운용하기 적합한 상품 (SB톡톡(비대면) 전용 상품)",1개월 이상,3개월 미만,10만원 이상,제한없음,2.0
A18,유안타저축은행,SB톡톡 정기예금(단리식),"일정금액을 일정기간을 정하여 저축은행에 예치하고, 월단위 정해진 이자를 지급하는 기한부 예금으로 목돈을 운용하기 적합한 상품 (SB톡톡(비대면) 전용 상품)",3개월 이상,6개월 미만,10만원 이상,제한없음,2.5
A18,유안타저축은행,SB톡톡 정기예금(단리식),"일정금액을 일정기간을 정하여 저축은행에 예치하고, 월단위 정해진 이자를 지급하는 기한부 예금으로 목돈을 운용하기 적합한 상품 (SB톡톡(비대면) 전용 상품)",6개월 이상,12개월 미만,10만원 이상,제한없음,3.2
A18,유안타저축은행,SB톡톡 정기예금(단리식),"일정금액을 일정기간을 정하여 저축은행에 예치하고, 월단위 정해진 이자를 지급하는 기한부 예금으로 목돈을 운용하기 적합한 상품 (SB톡톡(비대면) 전용 상품)",12개월 이상,18개월 미만,10만원 이상,제한없음,4.35
A18,유안타저축은행,SB톡톡 정기예금(단리식),"일정금액을 일정기간을 정하여 저축은행에 예치하고, 월단위 정해진 이자를 지급하는 기한부 예금으로 목돈을 운용하기 적합한 상품 (SB톡톡(비대면) 전용 상품)",18개월 이상,24개월 미만,10만원 이상,제한없음,4.2
A18,유안타저축은행,SB톡톡 정기예금(단리식),"일정금액을 일정기간을 정하여 저축은행에 예치하고, 월단위 정해진 이자를 지급하는 기한부 예금으로 목돈을 운용하기 적합한 상품 (SB톡톡(비대면) 전용 상품)",24개월 이상,30개월 미만,10만원 이상,제한없음,4.05
A18,유안타저축은행,SB톡톡 정기예금(단리식),"일정금액을 일정기간을 정하여 저축은행에 예치하고, 월단위 정해진 이자를 지급하는 기한부 예금으로 목돈을 운용하기 적합한 상품 (SB톡톡(비대면) 전용 상품)",30개월 이상,36개월 이하,10만원 이상,제한없음,3.75
A18,유안타저축은행,SB톡톡 정기예금(복리식),"일정금액을 일정기간을 정하여 저축은행에 예치하고, 예치기간이 만료되었을 때 정해진 이자를 지급하는 기한부 예금으로 목돈을 운용하기 적합한 상품 (SB톡톡(비대면) 전용 상품)",1개월 이상,3개월 미만,10만원 이상,제한없음,2.0
A18,유안타저축은행,SB톡톡 정기예금(복리식),"일정금액을 일정기간을 정하여 저축은행에 예치하고, 예치기간이 만료되었을 때 정해진 이자를 지급하는 기한부 예금으로 목돈을 운용하기 적합한 상품 (SB톡톡(비대면) 전용 상품)",3개월 이상,6개월 미만,10만원 이상,제한없음,2.5
A18,유안타저축은행,SB톡톡 정기예금(복리식),"일정금액을 일정기간을 정하여 저축은행에 예치하고, 예치기간이 만료되었을 때 정해진 이자를 지급하는 기한부 예금으로 목돈을 운용하기 적합한 상품 (SB톡톡(비대면) 전용 상품)",6개월 이상,12개월 미만,10만원 이상,제한없음,3.2
A18,유안타저축은행,SB톡톡 정기예금(복리식),"일정금액을 일정기간을 정하여 저축은행에 예치하고, 예치기간이 만료되었을 때 정해진 이자를 지급하는 기한부 예금으로 목돈을 운용하기 적합한 상품 (SB톡톡(비대면) 전용 상품)",12개월 이상,18개월 미만,10만원 이상,제한없음,4.35
A18,유안타저축은행,SB톡톡 정기예금(복리식),"일정금액을 일정기간을 정하여 저축은행에 예치하고, 예치기간이 만료되었을 때 정해진 이자를 지급하는 기한부 예금으로 목돈을 운용하기 적합한 상품 (SB톡톡(비대면) 전용 상품)",18개월 이상,24개월 미만,10만원 이상,제한없음,4.2
A18,유안타저축은행,SB톡톡 정기예금(복리식),"일정금액을 일정기간을 정하여 저축은행에 예치하고, 예치기간이 만료되었을 때 정해진 이자를 지급하는 기한부 예금으로 목돈을 운용하기 적합한 상품 (SB톡톡(비대면) 전용 상품)",24개월 이상,30개월 미만,10만원 이상,제한없음,4.05
A18,유안타저축은행,SB톡톡 정기예금(복리식),"일정금액을 일정기간을 정하여 저축은행에 예치하고, 예치기간이 만료되었을 때 정해진 이자를 지급하는 기한부 예금으로 목돈을 운용하기 적합한 상품 (SB톡톡(비대면) 전용 상품)",30개월 이상,36개월 이하,10만원 이상,제한없음,3.75
A18,유안타저축은행,유안타 회전정기예금(단리식),"매 회전주기(1년) 마다 영업점 방문 없이 자동 회전되며, 회전되는 시기의 정기예금 금리에 우대금리를 드리는 상품. 중도해지 시에도
기간에 따른 약정이율을 제공하여 장기예치도 부담 없는 정기예금 (창구 전용상품)",36개월,36개월,10만원 이상,제한없음,4.4
A18,유안타저축은행,유안타 회전정기예금(복리식),"매 회전주기(1년) 마다 영업점 방문 없이 자동 회전되며, 회전되는 시기의 정기예금 금리에 우대금리를 드리는 상품. 중도해지 시에도
기간에 따른 약정이율을 제공하여 장기예치도 부담 없는 정기예금 (창구 전용상품)",36개월,36개월,10만원 이상,제한없음,4.4
A18,유안타저축은행,e-회전정기예금(단리식),"매 회전주기(1년) 마다 영업점 방문 없이 자동 회전되며, 회전되는 시기의 정기예금 금리에 우대금리를 드리는 상품. 중도해지 시에도
기간에 따른 약정이율을 제공하여 장기예치도 부담 없는 정기예금 (인터넷, 스마트폰 전용상품)",36개월,36개월,10만원 이상,제한없음,4.45
A18,유안타저축은행,e-회전정기예금(복리식),"매 회전주기(1년) 마다 영업점 방문 없이 자동 회전되며, 회전되는 시기의 정기예금 금리에 우대금리를 드리는 상품. 중도해지 시에도
기간에 따른 약정이율을 제공하여 장기예치도 부담 없는 정기예금 (인터넷, 스마트폰 전용상품)",36개월,36개월,10만원 이상,제한없음,4.45
A18,유안타저축은행,SB톡톡 회전정기예금(단리식),"매 회전주기(1년) 마다 영업점 방문 없이 자동 회전되며, 회전되는 시기의 정기예금 금리에 우대금리를 드리는 상품. 중도해지 시에도
기간에 따른 약정이율을 제공하여 장기예치도 부담 없는 정기예금 (SB톡톡(비대면) 전용 상품)",36개월,36개월,10만원 이상,제한없음,4.4
A18,유안타저축은행,SB톡톡 회전정기예금(복리식),"매 회전주기(1년) 마다 영업점 방문 없이 자동 회전되며, 회전되는 시기의 정기예금 금리에 우대금리를 드리는 상품. 중도해지 시에도
기간에 따른 약정이율을 제공하여 장기예치도 부담 없는 정기예금 (SB톡톡(비대면) 전용 상품)",36개월,36개월,10만원 이상,제한없음,4.4
E03,동양저축은행,정기예금(창구),"(단리식) 일정금액, 일정기간을 정하여 예치하고 매월 예입 응당일에 1회씩 단리로 이자를 지급받는 정기예금
(복리식) 일정금액, 일정기간을 정하여 예치하고 연단위 이자 수령(월복리식) 또는 해지시(중도,만기)정해진 이자와 함게 원리금을 지급받는 예금(중도해지 이자와 만기 후 이자는 단리적용)",1개월 이상,3개월 미만,10만원 이상,제한없음,1.2
E03,동양저축은행,정기예금(창구),"(단리식) 일정금액, 일정기간을 정하여 예치하고 매월 예입 응당일에 1회씩 단리로 이자를 지급받는 정기예금
(복리식) 일정금액, 일정기간을 정하여 예치하고 연단위 이자 수령(월복리식) 또는 해지시(중도,만기)정해진 이자와 함게 원리금을 지급받는 예금(중도해지 이자와 만기 후 이자는 단리적용)",3개월 이상,6개월 미만,10만원 이상,제한없음,2.0
E03,동양저축은행,정기예금(창구),"(단리식) 일정금액, 일정기간을 정하여 예치하고 매월 예입 응당일에 1회씩 단리로 이자를 지급받는 정기예금
(복리식) 일정금액, 일정기간을 정하여 예치하고 연단위 이자 수령(월복리식) 또는 해지시(중도,만기)정해진 이자와 함게 원리금을 지급받는 예금(중도해지 이자와 만기 후 이자는 단리적용)",6개월 이상,12개월 미만,10만원 이상,제한없음,2.6
E03,동양저축은행,정기예금(창구),"(단리식) 일정금액, 일정기간을 정하여 예치하고 매월 예입 응당일에 1회씩 단리로 이자를 지급받는 정기예금
(복리식) 일정금액, 일정기간을 정하여 예치하고 연단위 이자 수령(월복리식) 또는 해지시(중도,만기)정해진 이자와 함게 원리금을 지급받는 예금(중도해지 이자와 만기 후 이자는 단리적용)",12개월 이상,24개월 미만,10만원 이상,제한없음,4.4
E03,동양저축은행,정기예금(창구),"(단리식) 일정금액, 일정기간을 정하여 예치하고 매월 예입 응당일에 1회씩 단리로 이자를 지급받는 정기예금
(복리식) 일정금액, 일정기간을 정하여 예치하고 연단위 이자 수령(월복리식) 또는 해지시(중도,만기)정해진 이자와 함게 원리금을 지급받는 예금(중도해지 이자와 만기 후 이자는 단리적용)",24개월 이상,36개월 이하,10만원 이상,제한없음,3.8
E05,센트럴저축은행,e-정기예금(단리식),일정기간을 정하여 자금을 예치하고 확정금리로 운영되는 상품,6개월 이상,12개월 미만,10만원 이상,제한없음,2.3
E05,센트럴저축은행,정기예금(단리식),목돈을 일정기간 동안 예치하고 안정적인 수익을 추구하는 거치식 예금상품,12개월,12개월,10만원 이상,제한없음,4.0
E04,삼호저축은행,정기예금(복리식),일정금액을 일정기간 동안 예치하여 월 단위 또는 예치기간이 만료되었을때 정해진 이자를 받는 상품,6개월 이상,12개월 미만,10만원 이상,제한없음,1.6
020,우리은행,정기예금,원하는 기간동안 자유롭게 목돈 굴리기,36개월 초과,60개월 미만,제한없음,제한없음,3.0
D05,드림저축은행,"인터넷정기예금(단리식,1년이상)",고객님의 여유자금을 맡기시면 최고의 수익률을 보장하는 고수익 예금입니다. 매월 이자를 받으시는 단리식 정기예금.,15개월 이상,18개월 미만,10만원 이상,제한없음,4.1
E04,삼호저축은행,정기예금(단리식),일정금액을 일정기간 동안 예치하여 월 단위 또는 예치기간이 만료되었을때 정해진 이자를 받는 상품,1개월 이상,6개월 미만,10만원 이상,제한없음,1.5
E04,삼호저축은행,정기예금(단리식),일정금액을 일정기간 동안 예치하여 월 단위 또는 예치기간이 만료되었을때 정해진 이자를 받는 상품,6개월 이상,12개월 미만,10만원 이상,제한없음,1.6
E04,삼호저축은행,정기예금(복리식),일정금액을 일정기간 동안 예치하여 월 단위 또는 예치기간이 만료되었을때 정해진 이자를 받는 상품,1개월 이상,6개월 미만,10만원 이상,제한없음,1.5
E05,센트럴저축은행,정기예금(복리식),목돈을 일정기간 동안 예치하고 안정적인 수익을 추구하는 거치식 예금상품,1개월 이상,3개월 미만,10만원 이상,제한없음,2.1
E04,삼호저축은행,정기예금(복리식),일정금액을 일정기간 동안 예치하여 월 단위 또는 예치기간이 만료되었을때 정해진 이자를 받는 상품,12개월 이상,24개월 미만,10만원 이상,제한없음,3.8
E04,삼호저축은행,정기예금(복리식),일정금액을 일정기간 동안 예치하여 월 단위 또는 예치기간이 만료되었을때 정해진 이자를 받는 상품,24개월 이상,36개월 이하,10만원 이상,제한없음,3.7
E04,삼호저축은행,정기예금 단리식(인터넷-모바일),일정금액을 일정기간 동안 예치하여 월 단위 또는 예치기간이 만료되었을때 정해진 이자를 받는 상품,1개월 이상,6개월 미만,10만원 이상,제한없음,1.5
E04,삼호저축은행,정기예금 단리식(인터넷-모바일),일정금액을 일정기간 동안 예치하여 월 단위 또는 예치기간이 만료되었을때 정해진 이자를 받는 상품,6개월 이상,12개월 미만,10만원 이상,제한없음,1.6
E04,삼호저축은행,정기예금 단리식(인터넷-모바일),일정금액을 일정기간 동안 예치하여 월 단위 또는 예치기간이 만료되었을때 정해진 이자를 받는 상품,12개월 이상,24개월 이하,10만원 이상,제한없음,3.8
E05,센트럴저축은행,정기예금(복리식),목돈을 일정기간 동안 예치하고 안정적인 수익을 추구하는 거치식 예금상품,3개월 이상,6개월 미만,10만원 이상,제한없음,2.2
E05,센트럴저축은행,정기예금(단리식),목돈을 일정기간 동안 예치하고 안정적인 수익을 추구하는 거치식 예금상품,1개월 이상,3개월 미만,10만원 이상,제한없음,2.1
E05,센트럴저축은행,정기예금(복리식),목돈을 일정기간 동안 예치하고 안정적인 수익을 추구하는 거치식 예금상품,6개월 이상,12개월 미만,10만원 이상,제한없음,2.4
E05,센트럴저축은행,e-정기예금(복리식),일정기간을 정하여 자금을 예치하고 확정금리로 운영되는 상품,6개월 이상,12개월 미만,10만원 이상,제한없음,2.3
E05,센트럴저축은행,e-정기예금(복리식),일정기간을 정하여 자금을 예치하고 확정금리로 운영되는 상품,12개월,12개월,10만원 이상,제한없음,3.8
020,우리은행,우리 SUPER 정기예금,"만기일을 일, 월 단위로 자유롭게 선택할 수 있으며 10년까지 자동 재예치가 가능한 다양한 기능을 갖춘 개인고객 대상 전용 정기예금",36개월,36개월,1백만원 이상,제한없음,3.3
F02,상상인플러스저축은행,회전정기예금(비대면),"영업점 방문없이 스마트폰을 이용해 개설이 가능하며, 일정기간동안 목돈을 예치하고 매월 또는 만기에 이자를 지급 받는 거치식 상품입니다.",12개월,12개월,10만원이상,제한없음,4.2
004,국민은행,일반정기예금,목돈을 일정기간동안 예치하여 안정적인 수익을 목적으로 하는 일시예치식 예금,12개월 이상,24개월 미만,10만원,제한없음,2.55
020,우리은행,WON플러스 예금,인터넷(스마트)뱅킹 및 텔레뱅킹 등 비대면 채널을 통해 가입 가능한 정기예금,36개월,36개월,1만원 이상,제한없음,3.3
020,우리은행,WON플러스 예금,인터넷(스마트)뱅킹 및 텔레뱅킹 등 비대면 채널을 통해 가입 가능한 정기예금,1개월 이상,3개월 이하,1만원 이상,제한없음,3.0
020,우리은행,WON플러스 예금,인터넷(스마트)뱅킹 및 텔레뱅킹 등 비대면 채널을 통해 가입 가능한 정기예금,3개월이상,6개월미만,1만원 이상,제한없음,3.6
020,우리은행,WON플러스 예금,인터넷(스마트)뱅킹 및 텔레뱅킹 등 비대면 채널을 통해 가입 가능한 정기예금,6개월이상,12개월미만,1만원 이상,제한없음,3.65
020,우리은행,WON플러스 예금,인터넷(스마트)뱅킹 및 텔레뱅킹 등 비대면 채널을 통해 가입 가능한 정기예금,12개월이상,24개월미만,1만원 이상,제한없음,3.68
020,우리은행,WON플러스 예금,인터넷(스마트)뱅킹 및 텔레뱅킹 등 비대면 채널을 통해 가입 가능한 정기예금,24개월이상,36개월미만,1만원 이상,제한없음,3.3
032,부산은행,메리트정기예금,시장실세금리에 연동한 약정금리를 만기일까지 적용하는 확정금리 정기예금으로 단기 고금리 상품입,6개월 이상,12개월 미만,5백만원,제한없음,2.55
020,우리은행,우리 SUPER 정기예금,"만기일을 일, 월 단위로 자유롭게 선택할 수 있으며 10년까지 자동 재예치가 가능한 다양한 기능을 갖춘 개인고객 대상 전용 정기예금",1개월 이상,3개월 미만,1백만원 이상,제한없음,2.75
020,우리은행,우리 SUPER 정기예금,"만기일을 일, 월 단위로 자유롭게 선택할 수 있으며 10년까지 자동 재예치가 가능한 다양한 기능을 갖춘 개인고객 대상 전용 정기예금",3개월 이상,6개월 미만,1백만원 이상,제한없음,2.9
020,우리은행,우리 SUPER 정기예금,"만기일을 일, 월 단위로 자유롭게 선택할 수 있으며 10년까지 자동 재예치가 가능한 다양한 기능을 갖춘 개인고객 대상 전용 정기예금",6개월 이상,12개월 미만,1백만원 이상,제한없음,2.95
020,우리은행,오렌지 정기예금(12차) 자동연장형,"CD금리에 연동되어 3개월마다 금리가 변경되어 적용되는 상품, 시장금리가 상승할 것으로 예상하는 고객에게 적합한 상품",6개월,6개월,제한없음,제한없음,3.09
020,우리은행,오렌지 정기예금(12차) 자동연장형,"CD금리에 연동되어 3개월마다 금리가 변경되어 적용되는 상품, 시장금리가 상승할 것으로 예상하는 고객에게 적합한 상품",12개월,12개월,제한없음,제한없음,3.29
020,우리은행,정기예금,원하는 기간동안 자유롭게 목돈 굴리기,1개월 이상,3개월 미만,제한없음,제한없음,2.2
020,우리은행,정기예금,원하는 기간동안 자유롭게 목돈 굴리기,3개월 이상,6개월 미만,제한없음,제한없음,2.25
020,우리은행,정기예금,원하는 기간동안 자유롭게 목돈 굴리기,12개월 이상,24개월 미만,제한없음,제한없음,2.65
020,우리은행,두루두루정기예금,"1. 회전주기별 금리변동형 정기예금
2. 중도해지시에도 회전주기별로 약정이율 제공",12개월 이상 연단위,제한없음,제한없음,제한없음,2.1
D07,머스트삼일저축은행,e-정기예금(단리),일정금액을 일정기간 동안 예치하여 월 단위로 정해진 이자를 받은 상품으로 목돈 운용에 적합,12개월,12개월,10만원 이상,제한없음,4.3
004,국민은행,일반정기예금,목돈을 일정기간동안 예치하여 안정적인 수익을 목적으로 하는 일시예치식 예금,24개월 이상,36개월 미만,10만원,제한없음,2.8
031,대구은행,IM스마트예금,비대면채널 전용상품으로 조건 충족 시 추가 우대금리를 지급하는 정기예금,12개월 이상,24개월 미만,100만원,제한없음,3.75
031,대구은행,IM스마트예금,비대면채널 전용상품으로 조건 충족 시 추가 우대금리를 지급하는 정기예금,36개월,36개월,100만원,제한없음,3.2
031,대구은행,IM스마트예금,비대면채널 전용상품으로 조건 충족 시 추가 우대금리를 지급하는 정기예금,1개월 이상,3개월 미만,100만원,제한없음,2.2
031,대구은행,IM스마트예금,비대면채널 전용상품으로 조건 충족 시 추가 우대금리를 지급하는 정기예금,24개월 이상,36개월 미만,100만원,제한없음,3.2
031,대구은행,IM스마트예금,비대면채널 전용상품으로 조건 충족 시 추가 우대금리를 지급하는 정기예금,3개월 이상,6개월 미만,100만원,제한없음,2.4
031,대구은행,IM스마트예금,비대면채널 전용상품으로 조건 충족 시 추가 우대금리를 지급하는 정기예금,6개월 이상,12개월 미만,100만원,제한없음,2.8
031,대구은행,복리회전예금,"회전주기마다 이자가 복리로 계산되며, (최초 복리회전기간 경과 후) 중도 해지시에도 이자의 손해가 없는 정기예금",12개월,60개월,100만원,제한없음,2.18
031,대구은행,복리회전예금,"회전주기마다 이자가 복리로 계산되며, (최초 복리회전기간 경과 후) 중도 해지시에도 이자의 손해가 없는 정기예금",12개월,60개월,100만원,제한없음,1.95
032,부산은행,정기예금,"목돈을 일정기간 예치하여 매월 이자를 지급하거나 
만기에 일시금으로 수령하는 목돈운용상품",6개월 이상,12개월 미만,100원,제한없음,2.55
032,부산은행,메리트정기예금,시장실세금리에 연동한 약정금리를 만기일까지 적용하는 확정금리 정기예금으로 단기 고금리 상품입,1개월 이상,3개월 미만,5백만원,제한없음,2.25
032,부산은행,LIVE정기예금,특판 전용 정기예금,24개월 이상,36개월 미만,1천만원,제한없음,2.8
031,대구은행,파랑새정기예금,기한부 저축성 예금으로 목돈을 운용하는데 적합한 정기예금,1개월 이상,3개월 미만,100원,제한없음,1.65
004,국민은행,일반정기예금,목돈을 일정기간동안 예치하여 안정적인 수익을 목적으로 하는 일시예치식 예금,36개월 이상,60개월,10만원,제한없음,3.0
C10,조흥저축은행,e-정기예금(단리),비대면정기예금 단리식,12개월,12개월,10만원,제한없음,4.5
A08,대신저축은행,스마트 회전정기예금,회전주기(매1년) 단위로 약정이율이 변동되는 모바일전용 회전정기예금,36개월,36개월,10만원,제한없음,4.2
A08,대신저축은행,회전정기예금,회전주기(매1년) 단위로 약정이율이 변동되는 영업점전용 회전정기예금,36개월,36개월,10만원,제한없음,4.2
A08,대신저축은행,대신든든정기예금,"금융사기 피해예방을 위한 오프라인 전용(신규,해지) 예금 상품",12개월,12개월,10만원,제한없음,4.2
A08,대신저축은행,대신든든정기예금,"금융사기 피해예방을 위한 오프라인 전용(신규,해지) 예금 상품",13개월,13개월,10만원,제한없음,4.25
A08,대신저축은행,대신든든정기예금,"금융사기 피해예방을 위한 오프라인 전용(신규,해지) 예금 상품",24개월,24개월,10만원,제한없음,3.65
A07,SBI저축은행,e_SeedMoney정기예금,e-SeedMoney정기적금 만기해약 고객 대상으로 우대금리 제공,12개월,12개월,10만원,e-SeedMoney정기적금 만기해약금액 이하,3.6
A08,대신저축은행,대신든든정기예금,"금융사기 피해예방을 위한 오프라인 전용(신규,해지) 예금 상품",36개월,36개월,10만원,제한없음,3.65
A08,대신저축은행,스마트정기예금,"복잡한 우대금리 조건 없이 여유자금을 일정기간 예치하고, 높은 수익을 보장 받을 수 있는 모바일 전용상품",3개월,3개월,10만원,제한없음,2.0
A08,대신저축은행,스마트정기예금,"복잡한 우대금리 조건 없이 여유자금을 일정기간 예치하고, 높은 수익을 보장 받을 수 있는 모바일 전용상품",6개월,6개월,10만원,제한없음,3.6
A08,대신저축은행,스마트정기예금,"복잡한 우대금리 조건 없이 여유자금을 일정기간 예치하고, 높은 수익을 보장 받을 수 있는 모바일 전용상품",12개월,12개월,10만원,제한없음,4.1
A08,대신저축은행,스마트정기예금,"복잡한 우대금리 조건 없이 여유자금을 일정기간 예치하고, 높은 수익을 보장 받을 수 있는 모바일 전용상품",24개월,24개월,10만원,제한없음,3.5
A08,대신저축은행,스마트정기예금,"복잡한 우대금리 조건 없이 여유자금을 일정기간 예치하고, 높은 수익을 보장 받을 수 있는 모바일 전용상품",36개월,36개월,10만원,제한없음,3.5
A08,대신저축은행,정기예금,"여유자금을 일정기간 예치하고, 높은 수익을 보장 받을 수 있는 상품",3개월,3개월,10만원,제한없음,2.0
A08,대신저축은행,정기예금,"여유자금을 일정기간 예치하고, 높은 수익을 보장 받을 수 있는 상품",6개월,6개월,10만원,제한없음,3.6
A08,대신저축은행,정기예금,"여유자금을 일정기간 예치하고, 높은 수익을 보장 받을 수 있는 상품",12개월,12개월,10만원,제한없음,4.1
A08,대신저축은행,정기예금,"여유자금을 일정기간 예치하고, 높은 수익을 보장 받을 수 있는 상품",24개월,24개월,10만원,제한없음,3.4
A08,대신저축은행,정기예금,"여유자금을 일정기간 예치하고, 높은 수익을 보장 받을 수 있는 상품",36개월,36개월,10만원,제한없음,3.4
D07,머스트삼일저축은행,정기예금 단리식,일정금액을 일정기간 동안 예치하여 월 단위 정해진 이자를 받은 상품으로 목돈 운용에 적합,3개월 이상,6개월 미만,10만원 이상,제한없음,1.0
D05,드림저축은행,톡톡 정기예금(복리식),고객님의 여유자금을 맡기시면 최고의 수익률을 보장하는 고수익 예금입니다. 매월 이자가 원금에 가산되어 만기시에 이자를 드리는 복리식 정기예금.,24개월 이상,36개월 미만,10만원 이상,제한없음,3.1
D07,머스트삼일저축은행,정기예금 단리식,일정금액을 일정기간 동안 예치하여 월 단위 정해진 이자를 받은 상품으로 목돈 운용에 적합,6개월 이상,12개월 미만,10만원 이상,제한없음,3.0
004,국민은행,일반정기예금,목돈을 일정기간동안 예치하여 안정적인 수익을 목적으로 하는 일시예치식 예금,3개월 이상,6개월 미만,10만원,제한없음,2.0
088,신한은행,Tops보증 정기예금,회전기간 단위로 계약기간 이내에서 이자율이 변경 적용되는 정기예금,12개월 이상,60개월 이하,3백만원 이상,제한없음,2.15
C01,BNK저축은행,삼삼한정기예금(복리식),예치기간 또는 매일의 예치잔액에 따라 정해진 해당이율을 적용하는 예금 상품,36개월,36개월,10만원,제한없음,4.3
D05,드림저축은행,톡톡 정기예금(복리식),고객님의 여유자금을 맡기시면 최고의 수익률을 보장하는 고수익 예금입니다. 매월 이자가 원금에 가산되어 만기시에 이자를 드리는 복리식 정기예금.,36개월,36개월,10만원 이상,제한없음,2.6
C01,BNK저축은행,삼삼한정기예금(단리식),매1년 회전주기 단위로 약정이율이 변동되는 거치식 예금,36개월,36개월,10만원,제한없음,4.3
C01,BNK저축은행,정기예금(복리식),여유자금을 일정기간 예치하고 만기시 또는 매달 이자를 받고 만기일에 원금을 받는 상품,1개월 이상,3개월 미만,10만원,제한없음,2.1
C01,BNK저축은행,정기예금(복리식),여유자금을 일정기간 예치하고 만기시 또는 매달 이자를 받고 만기일에 원금을 받는 상품,3개월 이상,6개월 미만,10만원,제한없음,2.4
C01,BNK저축은행,정기예금(복리식),여유자금을 일정기간 예치하고 만기시 또는 매달 이자를 받고 만기일에 원금을 받는 상품,6개월 이상,12개월 미만,10만원,제한없음,3.0
C01,BNK저축은행,정기예금(복리식),여유자금을 일정기간 예치하고 만기시 또는 매달 이자를 받고 만기일에 원금을 받는 상품,12개월 이상,24개월 미만,10만원,제한없음,4.2
C01,BNK저축은행,정기예금(복리식),여유자금을 일정기간 예치하고 만기시 또는 매달 이자를 받고 만기일에 원금을 받는 상품,24개월 이상,36개월 미만,10만원,제한없음,3.2
C01,BNK저축은행,정기예금(복리식),여유자금을 일정기간 예치하고 만기시 또는 매달 이자를 받고 만기일에 원금을 받는 상품,36개월,36개월,10만원,제한없음,3.0
C01,BNK저축은행,정기예금(단리식),여유자금을 일정기간 예치하고 만기시 또는 매달 이자를 받고 만기일에 원금을 받는 상품,1개월 이상,3개월 미만,10만원,제한없음,2.1
C01,BNK저축은행,정기예금(단리식),여유자금을 일정기간 예치하고 만기시 또는 매달 이자를 받고 만기일에 원금을 받는 상품,3개월 이상,6개월 미만,10만원,제한없음,2.4
C01,BNK저축은행,정기예금(단리식),여유자금을 일정기간 예치하고 만기시 또는 매달 이자를 받고 만기일에 원금을 받는 상품,6개월 이상,12개월 미만,10만원,제한없음,3.0
C01,BNK저축은행,정기예금(단리식),여유자금을 일정기간 예치하고 만기시 또는 매달 이자를 받고 만기일에 원금을 받는 상품,12개월 이상,24개월 미만,10만원,제한없음,4.2
C01,BNK저축은행,정기예금(단리식),여유자금을 일정기간 예치하고 만기시 또는 매달 이자를 받고 만기일에 원금을 받는 상품,24개월 이상,36개월 미만,10만원,제한없음,3.2
C01,BNK저축은행,정기예금(단리식),여유자금을 일정기간 예치하고 만기시 또는 매달 이자를 받고 만기일에 원금을 받는 상품,36개월,36개월,10만원,제한없음,3.0
C10,조흥저축은행,e-정기예금(단리),비대면정기예금 단리식,24개월,24개월,10만원,제한없음,3.6
C09,우리저축은행,정기예금(단리),목돈을 일정기간 동안 예치하여 안정적인 수익을 추구하는 예금상품,1개월,1개월,10만원,제한없음,1.0
C09,우리저축은행,정기예금(단리),목돈을 일정기간 동안 예치하여 안정적인 수익을 추구하는 예금상품,3개월,3개월,10만원,제한없음,1.5
C09,우리저축은행,정기예금(단리),목돈을 일정기간 동안 예치하여 안정적인 수익을 추구하는 예금상품,6개월,6개월,10만원,제한없음,1.9
C09,우리저축은행,정기예금(단리),목돈을 일정기간 동안 예치하여 안정적인 수익을 추구하는 예금상품,12개월,12개월,10만원,제한없음,4.5
C09,우리저축은행,정기예금(단리),목돈을 일정기간 동안 예치하여 안정적인 수익을 추구하는 예금상품,18개월,18개월,10만원,제한없음,3.0
C09,우리저축은행,정기예금(단리),목돈을 일정기간 동안 예치하여 안정적인 수익을 추구하는 예금상품,24개월,24개월,10만원,제한없음,1.0
C09,우리저축은행,정기예금(복리),목돈을 일정기간 동안 예치하여 안정적인 수익을 추구하는 예금상품,1개월,1개월,10만원,제한없음,1.0
C09,우리저축은행,정기예금(복리),목돈을 일정기간 동안 예치하여 안정적인 수익을 추구하는 예금상품,3개월,3개월,10만원,제한없음,1.5
C09,우리저축은행,정기예금(복리),목돈을 일정기간 동안 예치하여 안정적인 수익을 추구하는 예금상품,6개월,6개월,10만원,제한없음,1.9
C09,우리저축은행,정기예금(복리),목돈을 일정기간 동안 예치하여 안정적인 수익을 추구하는 예금상품,12개월,12개월,10만원,제한없음,4.5
C09,우리저축은행,정기예금(복리),목돈을 일정기간 동안 예치하여 안정적인 수익을 추구하는 예금상품,18개월,18개월,10만원,제한없음,3.0
C09,우리저축은행,정기예금(복리),목돈을 일정기간 동안 예치하여 안정적인 수익을 추구하는 예금상품,24개월,24개월,10만원,제한없음,1.0
C10,조흥저축은행,e-정기예금(단리),비대면정기예금 단리식,1개월,1개월,10만원,제한없음,0.8
C10,조흥저축은행,e-정기예금(단리),비대면정기예금 단리식,3개월,3개월,10만원,제한없음,2.5
C10,조흥저축은행,e-정기예금(단리),비대면정기예금 단리식,6개월,6개월,10만원,제한없음,4.5
C10,조흥저축은행,e-정기예금(단리),비대면정기예금 단리식,36개월,36개월,10만원,제한없음,3.6
E04,삼호저축은행,정기예금(단리식),일정금액을 일정기간 동안 예치하여 월 단위 또는 예치기간이 만료되었을때 정해진 이자를 받는 상품,12개월 이상,24개월 미만,10만원 이상,제한없음,3.8
F05,오투저축은행,복리정기예금,일정기간 동안 목돈을 예치하고 만기에 이자를 지급 받는 거치식 상품,3개월이상,6개월미만,10만원이상,제한없음,3.0
B03,남양저축은행,비대면-정기예금단리식,"일정금액을 일정기간 동안 예치하여 월 단위 또는 예치기간이 
만료되었을 때 정해진 이자를 받은 상품으로 목돈 운용에 적합",1개월 이상,3개월 미만,10만원,제한없음,2.0
B03,남양저축은행,비대면-정기예금단리식,"일정금액을 일정기간 동안 예치하여 월 단위 또는 예치기간이 
만료되었을 때 정해진 이자를 받은 상품으로 목돈 운용에 적합",3개월 이상,6개월 미만,10만원,제한없음,2.5
B03,남양저축은행,비대면-정기예금단리식,"일정금액을 일정기간 동안 예치하여 월 단위 또는 예치기간이 
만료되었을 때 정해진 이자를 받은 상품으로 목돈 운용에 적합",6개월 이상,12개월 미만,10만원,제한없음,3.0
D02,대백저축은행,정기예금복리식,여유자금으로 높은 수익을 얻을 수 있는 대표적인 예금상품으로 여유자금을 일정기간 예치하고 매월 이자를 받는 상품,6개월 이상,12개월 미만,"100,000원 이상",제한없음,3.8
B03,남양저축은행,비대면-정기예금단리식,"일정금액을 일정기간 동안 예치하여 월 단위 또는 예치기간이 
만료되었을 때 정해진 이자를 받은 상품으로 목돈 운용에 적합",12개월 이상,18개월 미만,10만원,제한없음,4.3
B03,남양저축은행,비대면-정기예금단리식,"일정금액을 일정기간 동안 예치하여 월 단위 또는 예치기간이 
만료되었을 때 정해진 이자를 받은 상품으로 목돈 운용에 적합",18개월 이상,24개월 이하,10만원,제한없음,3.3
B03,남양저축은행,비대면-정기예금복리식,"일정금액을 일정기간 동안 예치하여 월 단위 또는 예치기간이 
만료되었을 때 정해진 이자를 받은 상품으로 목돈 운용에 적합",1개월 이상,3개월 미만,10만원,제한없음,2.0
B03,남양저축은행,비대면-정기예금복리식,"일정금액을 일정기간 동안 예치하여 월 단위 또는 예치기간이 
만료되었을 때 정해진 이자를 받은 상품으로 목돈 운용에 적합",3개월 이상,6개월 미만,10만원,제한없음,2.5
B03,남양저축은행,비대면-정기예금복리식,"일정금액을 일정기간 동안 예치하여 월 단위 또는 예치기간이 
만료되었을 때 정해진 이자를 받은 상품으로 목돈 운용에 적합",12개월 이상,18개월 미만,10만원,제한없음,4.1
B03,남양저축은행,비대면-정기예금복리식,"일정금액을 일정기간 동안 예치하여 월 단위 또는 예치기간이 
만료되었을 때 정해진 이자를 받은 상품으로 목돈 운용에 적합",18개월 이상,24개월 이하,10만원,제한없음,3.3
032,부산은행,LIVE정기예금,특판 전용 정기예금,6개월 이상,12개월 미만,1천만원,제한없음,2.55
B04,모아저축은행,회전정기예금,"회전주기(1년)마다 12개월 정기예금 금리에
 0.1%를 더해 자동 재예치되는 상품",36개월,60개월,10만원,제한없음,4.1
B04,모아저축은행,정기예금,일정기간 동안 목돈을 예치하고 이자를 지급받는 온라인 전용 목돈운용 상품,1개월 이상,3개월 미만,10만원,제한없음,2.1
B04,모아저축은행,정기예금,일정기간 동안 목돈을 예치하고 이자를 지급받는 온라인 전용 목돈운용 상품,3개월 이상,6개월 미만,10만원,제한없음,2.2
B04,모아저축은행,정기예금,일정기간 동안 목돈을 예치하고 이자를 지급받는 온라인 전용 목돈운용 상품,6개월 이상,18개월 미만,10만원,제한없음,4.0
B04,모아저축은행,정기예금,일정기간 동안 목돈을 예치하고 이자를 지급받는 온라인 전용 목돈운용 상품,18개월 이상,24개월 이하,10만원,제한없음,3.5
D05,드림저축은행,정기예금(복리식),고객님의 여유자금을 맡기시면 최고의 수익률을 보장하는 고수익 예금 (매월 이자가 원금에 가산되어 만기시에 이자를 드리는 복리식),9개월 이상,12개월 미만,10만원 이상,제한없음,3.5
A06,OSB저축은행,단리 정기예금,"금리 하락 시에도 변동없는 확정금리 상품으로 고객님의 
여유자금을 안전하게 운용할 수 있는 목돈 굴리기 상품",6개월 이상,9개월 미만,10만원,제한없음,4.3
Z03,카카오뱅크,정기예금,"자유롭게 기간을 정하고, 일정한 금액을 한번에 예치하여 목돈을 굴리는 상품 ? 급하게 돈이 필요한 경우 해지 없이도 가입금액 중 일부를 출금할 수 있고, 자동해지, 자동연장 등 만기도 자동으로 관리 가능",3개월이상,6개월미만,100만원이상,제한없음,3.2
020,우리은행,정기예금,원하는 기간동안 자유롭게 목돈 굴리기,6개월 이상,12개월 미만,제한없음,제한없음,2.3
A10,민국저축은행,e-행복정기예금단리식,인터넷뱅킹을 이용하여 가입가능한 목돈굴리기 상품입니다.,1개월 이상,3개월 미만,10만원,제한없음,1.6
A10,민국저축은행,e-행복정기예금단리식,인터넷뱅킹을 이용하여 가입가능한 목돈굴리기 상품입니다.,18개월 이상,36개월 이하,10만원,제한없음,3.0
A17,웰컴저축은행,정기예금 (복리),여유자금을 일정기간 동안 확정금리로 예치하여 이자 수익을 얻을 수 있는 거치식 상품,1개월이상,3개월미만,10만원이상,제한없음,0.5
A10,민국저축은행,e-행복정기예금복리식,인터넷뱅킹을 이용하여 가입가능한 목돈굴리기 상품입니다.,1개월 이상,3개월 미만,10만원,제한없음,1.6
A10,민국저축은행,e-행복정기예금복리식,인터넷뱅킹을 이용하여 가입가능한 목돈굴리기 상품입니다.,6개월 이상,12개월 미만,10만원,제한없음,2.5
A10,민국저축은행,e-행복정기예금복리식,인터넷뱅킹을 이용하여 가입가능한 목돈굴리기 상품입니다.,12개월 이상,18개월 미만,10만원,제한없음,3.8
A10,민국저축은행,e-행복정기예금복리식,인터넷뱅킹을 이용하여 가입가능한 목돈굴리기 상품입니다.,18개월 이상,36개월 이하,10만원,제한없음,3.0
A17,웰컴저축은행,정기예금 (복리),여유자금을 일정기간 동안 확정금리로 예치하여 이자 수익을 얻을 수 있는 거치식 상품,3개월이상,6개월미만,10만원이상,제한없음,1.3
A17,웰컴저축은행,정기예금 (복리),여유자금을 일정기간 동안 확정금리로 예치하여 이자 수익을 얻을 수 있는 거치식 상품,6개월이상,12개월미만,10만원이상,제한없음,2.5
B05,부림저축은행,톡톡정기예금(단리식),"목돈을 일정기간동안 예치하고 매월 이자를 받는 목돈 굴리기 상품
 영업점을 방문하지않고 가입이 가능한 상품입니다.(비대면전용상품)",3개월 이상,6개월 미만,10만원,제한없음,2.2
B05,부림저축은행,톡톡정기예금(단리식),"목돈을 일정기간동안 예치하고 매월 이자를 받는 목돈 굴리기 상품
 영업점을 방문하지않고 가입이 가능한 상품입니다.(비대면전용상품)",6개월 이상,12개월 미만,10만원,제한없음,3.4
B05,부림저축은행,톡톡정기예금(단리식),"목돈을 일정기간동안 예치하고 매월 이자를 받는 목돈 굴리기 상품
 영업점을 방문하지않고 가입이 가능한 상품입니다.(비대면전용상품)",12개월 이상,24개월 미만,10만원,제한없음,3.9
B05,부림저축은행,톡톡정기예금(단리식),"목돈을 일정기간동안 예치하고 매월 이자를 받는 목돈 굴리기 상품
 영업점을 방문하지않고 가입이 가능한 상품입니다.(비대면전용상품)",24개월,24개월,10만원,제한없음,2.9
B05,부림저축은행,톡톡정기예금(복리식),"목돈을? 일정기간동안 예치하고? 원금과? 이자를? 함께? 받는? 목돈굴리기상품
 영업점을? 방문하지않고 ?가입이 가능한 상품입니다.? ? ? ?",1개월 이상,3개월 미만,10만원,제한없음,2.0
B05,부림저축은행,정기예금(복리식),목돈을 일정기간동안 예치하고 원금과 이자를 함께 받는 목돈 굴리기 상품 (창구 전용),1개월 이상,3개월 미만,10만원,제한없음,2.0
B05,부림저축은행,톡톡정기예금(복리식),"목돈을? 일정기간동안 예치하고? 원금과? 이자를? 함께? 받는? 목돈굴리기상품
 영업점을? 방문하지않고 ?가입이 가능한 상품입니다.? ? ? ?",3개월 이상,6개월 미만,10만원,제한없음,2.2
B05,부림저축은행,톡톡정기예금(복리식),"목돈을? 일정기간동안 예치하고? 원금과? 이자를? 함께? 받는? 목돈굴리기상품
 영업점을? 방문하지않고 ?가입이 가능한 상품입니다.? ? ? ?",6개월 이상,12개월 미만,10만원,제한없음,3.4
B05,부림저축은행,톡톡정기예금(복리식),"목돈을? 일정기간동안 예치하고? 원금과? 이자를? 함께? 받는? 목돈굴리기상품
 영업점을? 방문하지않고 ?가입이 가능한 상품입니다.? ? ? ?",12개월 이상,24개월 미만,10만원,제한없음,3.9
B05,부림저축은행,톡톡정기예금(복리식),"목돈을? 일정기간동안 예치하고? 원금과? 이자를? 함께? 받는? 목돈굴리기상품
 영업점을? 방문하지않고 ?가입이 가능한 상품입니다.? ? ? ?",24개월,24개월,10만원,제한없음,2.9
B05,부림저축은행,정기예금(복리식),목돈을 일정기간동안 예치하고 원금과 이자를 함께 받는 목돈 굴리기 상품 (창구 전용),6개월 이상,12개월 미만,10만원,제한없음,3.4
B05,부림저축은행,정기예금(단리식),목돈을 일정기간동안 예치하고 매월 이자를 받는 목돈 굴리기 상품 (창구 전용),1개월 이상,3개월 미만,10만원,제한없음,2.0
B05,부림저축은행,정기예금(단리식),목돈을 일정기간동안 예치하고 매월 이자를 받는 목돈 굴리기 상품 (창구 전용),3개월 이상,6개월 미만,10만원,제한없음,2.2
B05,부림저축은행,정기예금(단리식),목돈을 일정기간동안 예치하고 매월 이자를 받는 목돈 굴리기 상품 (창구 전용),6개월 이상,12개월 미만,10만원,제한없음,3.4
B05,부림저축은행,정기예금(단리식),목돈을 일정기간동안 예치하고 매월 이자를 받는 목돈 굴리기 상품 (창구 전용),12개월 이상,24개월 미만,10만원,제한없음,3.9
B05,부림저축은행,정기예금(단리식),목돈을 일정기간동안 예치하고 매월 이자를 받는 목돈 굴리기 상품 (창구 전용),24개월,24개월,10만원,제한없음,2.9
B05,부림저축은행,정기예금(복리식),목돈을 일정기간동안 예치하고 원금과 이자를 함께 받는 목돈 굴리기 상품 (창구 전용),12개월 이상,24개월 미만,10만원,제한없음,3.9
B05,부림저축은행,정기예금(복리식),목돈을 일정기간동안 예치하고 원금과 이자를 함께 받는 목돈 굴리기 상품 (창구 전용),24개월,24개월,10만원,제한없음,2.9
003,기업은행,1석7조통장(정기예금),비대면채널 전용 거치식 상품으로 금리우대 혜택 제공,6개월이상,12개월미만,100만원 이상,제한없음,3.59
003,기업은행,1석7조통장(정기예금),비대면채널 전용 거치식 상품으로 금리우대 혜택 제공,12개월이상,24개월미만,100만원이상,제한없음,3.69
003,기업은행,1석7조통장(정기예금),비대면채널 전용 거치식 상품으로 금리우대 혜택 제공,24개월이상,36개월미만,100만원 이상,제한없음,3.92
003,기업은행,1석7조통장(정기예금),비대면채널 전용 거치식 상품으로 금리우대 혜택 제공,36개월,36개월,100만원 이상,제한없음,4.0
003,기업은행,실세금리정기예금,시장 실세금리를 반영한 이율이 적용되는 다양한 이자지급을 선택할 수 있는 정기예금,1개월이상,3개월미만,500만원 이상,제한없음,2.95
003,기업은행,실세금리정기예금,시장 실세금리를 반영한 이율이 적용되는 다양한 이자지급을 선택할 수 있는 정기예금,3개월이상,6개월미만,500만원 이상,제한없음,3.0
003,기업은행,실세금리정기예금,시장 실세금리를 반영한 이율이 적용되는 다양한 이자지급을 선택할 수 있는 정기예금,6개월이상,12개월미만,500만원 이상,제한없음,3.1
003,기업은행,실세금리정기예금,시장 실세금리를 반영한 이율이 적용되는 다양한 이자지급을 선택할 수 있는 정기예금,12개월이상,24개월미만,500만원 이상,제한없음,3.15
003,기업은행,실세금리정기예금,시장 실세금리를 반영한 이율이 적용되는 다양한 이자지급을 선택할 수 있는 정기예금,24개월이상,36개월미만,500만원 이상,제한없음,3.25
003,기업은행,실세금리정기예금,시장 실세금리를 반영한 이율이 적용되는 다양한 이자지급을 선택할 수 있는 정기예금,36개월,36개월,500만원 이상,제한없음,3.3
071,우체국,초록별사랑정기예금,"종이통장 미 발행, 탄소중립 실천, 환경지킴 서약 등 친환경 활동과 기부 활동 참여 시 우대혜택을 제공하는 정기예금",12개월,12개월,100만원이상,"5,000만원이하",2.35
071,우체국,우체국편리한e정기예금,"보너스 입금, 비상금 출금, 자동 재예치, 만기 자동해지 서비스로 편리한 목돈 활용이 가능한 디지털 정기예금",6개월이상,9개월미만,100만원이상,5.000만원이하,2.1
071,우체국,우체국편리한e정기예금,"보너스 입금, 비상금 출금, 자동 재예치, 만기 자동해지 서비스로 편리한 목돈 활용이 가능한 디지털 정기예금",9개월이상,12개월미만,100만원이상,5.000만원이하,2.15
071,우체국,우체국편리한e정기예금,"보너스 입금, 비상금 출금, 자동 재예치, 만기 자동해지 서비스로 편리한 목돈 활용이 가능한 디지털 정기예금",12개월,12개월,100만원이상,5.000만원이하,2.35
071,우체국,e-Postbank정기예금,500만원 이상 가입한 고객에게 우대이율을 제공하는 인터넷·스마트뱅킹 전용 정기예금 상품,6개월이상,9개월미만,500만원이상,제한없음,2.1
071,우체국,e-Postbank정기예금,500만원 이상 가입한 고객에게 우대이율을 제공하는 인터넷·스마트뱅킹 전용 정기예금 상품,9개월이상,12개월미만,500만원이상,제한없음,2.15
071,우체국,e-Postbank정기예금,500만원 이상 가입한 고객에게 우대이율을 제공하는 인터넷·스마트뱅킹 전용 정기예금 상품,12개월이상,24개월미만,500만원이상,제한없음,2.35
071,우체국,e-Postbank정기예금,500만원 이상 가입한 고객에게 우대이율을 제공하는 인터넷·스마트뱅킹 전용 정기예금 상품,24개월이상,36개월이하,500만원이상,제한없음,2.45
A17,웰컴저축은행,정기예금 (복리),여유자금을 일정기간 동안 확정금리로 예치하여 이자 수익을 얻을 수 있는 거치식 상품,12개월이상,24개월미만,10만원이상,제한없음,4.0
F05,오투저축은행,e-정기예금,일정기간 동안 목돈을 예치하고 매월 이자를 지급 받는 거치식 상품,6개월이상,12개월미만,10만원이상,제한없음,3.5
F05,오투저축은행,비대면 정기예금(복리),일정기간 동안 목돈을 예치하고 만기에 이자를 지급하는 거치식 상품,3개월이상,6개월미만,10만원이상,제한없음,3.0
A17,웰컴저축은행,웰뱅 회전 e - 정기예금 (복리),회전주기(1년)마다 우대금리를 더해 자동 회전하는 정기예금,36개월,36개월,10만원이상,제한없음,4.0
A17,웰컴저축은행,웰뱅 회전 e - 정기예금 (단리),회전주기(1년)마다 우대금리를 더해 자동 회전하는 정기예금,36개월,36개월,10만원이상,제한없음,4.0
F05,오투저축은행,복리정기예금,일정기간 동안 목돈을 예치하고 만기에 이자를 지급 받는 거치식 상품,6개월이상,12개월미만,10만원이상,제한없음,3.5
F05,오투저축은행,e-복리정기예금,일정기간 동안 목돈을 예치하고 만기에 이자를 지급 받는 거치식 상품,3개월이상,6개월미만,10만원이상,제한없음,3.0
A17,웰컴저축은행,e - 정기예금 (단리),여유자금을 일정기간 동안 확정금리로 예치하여 이자 수익을 얻을 수 있는 거치식 상품,1개월이상,3개월미만,10만원이상,제한없음,0.5
A17,웰컴저축은행,e - 정기예금 (단리),여유자금을 일정기간 동안 확정금리로 예치하여 이자 수익을 얻을 수 있는 거치식 상품,3개월이상,6개월미만,10만원이상,제한없음,1.3
F02,상상인플러스저축은행,e-정기예금_단기,"영업점 방문없이 인터넷/스마트폰을 이용해 개설이 가능하며, 일정기간동안 목돈을 예치하고 매월 또는 만기에 이자를 지급 받는 거치식 상품입니다",6개월이상,12개월미만,10만원이상,제한없음,2.41
A23,하나저축,세바퀴정기예금,회전주기 (매1년) 마다 계약기간 이내에서 이자율 변동 및 이자를 지급하는 장기 정기예금,36개월,36개월,10만원이상,제한없음,3.76
A17,웰컴저축은행,e - 정기예금 (단리),여유자금을 일정기간 동안 확정금리로 예치하여 이자 수익을 얻을 수 있는 거치식 상품,6개월이상,12개월미만,10만원이상,제한없음,2.5
A17,웰컴저축은행,e - 정기예금 (단리),여유자금을 일정기간 동안 확정금리로 예치하여 이자 수익을 얻을 수 있는 거치식 상품,12개월이상,24개월미만,10만원이상,제한없음,4.0
A17,웰컴저축은행,e - 정기예금 (단리),여유자금을 일정기간 동안 확정금리로 예치하여 이자 수익을 얻을 수 있는 거치식 상품,24개월이상,36개월이하,10만원이상,제한없음,3.5
A17,웰컴저축은행,e - 정기예금 (단리),여유자금을 일정기간 동안 확정금리로 예치하여 이자 수익을 얻을 수 있는 거치식 상품,36개월,36개월,10만원이상,제한없음,3.5
A17,웰컴저축은행,e - 정기예금 (복리),여유자금을 일정기간 동안 확정금리로 예치하여 이자 수익을 얻을 수 있는 거치식 상품,1개월이상,3개월미만,10만원이상,제한없음,0.5
A17,웰컴저축은행,e - 정기예금 (복리),여유자금을 일정기간 동안 확정금리로 예치하여 이자 수익을 얻을 수 있는 거치식 상품,3개월이상,6개월미만,10만원이상,제한없음,1.3
A17,웰컴저축은행,e - 정기예금 (복리),여유자금을 일정기간 동안 확정금리로 예치하여 이자 수익을 얻을 수 있는 거치식 상품,6개월이상,12개월미만,10만원이상,제한없음,2.5
A17,웰컴저축은행,e - 정기예금 (복리),여유자금을 일정기간 동안 확정금리로 예치하여 이자 수익을 얻을 수 있는 거치식 상품,12개월이상,24개월미만,10만원이상,제한없음,4.0
A17,웰컴저축은행,e - 정기예금 (복리),여유자금을 일정기간 동안 확정금리로 예치하여 이자 수익을 얻을 수 있는 거치식 상품,24개월이상,36개월미만,10만원이상,제한없음,3.5
A17,웰컴저축은행,e - 정기예금 (복리),여유자금을 일정기간 동안 확정금리로 예치하여 이자 수익을 얻을 수 있는 거치식 상품,36개월,36개월,10만원이상,제한없음,3.5
A17,웰컴저축은행,웰뱅 회전 m - 정기예금 (복리),회전주기(1년)마다 우대금리를 더해 자동 회전하는 정기예금,36개월,36개월,10만원이상,제한없음,4.0
A17,웰컴저축은행,웰뱅 회전 m - 정기예금 (단리),회전주기(1년)마다 우대금리를 더해 자동 회전하는 정기예금,36개월,36개월,10만원이상,제한없음,4.0
A17,웰컴저축은행,m - 정기예금 (복리),여유자금을 일정기간 동안 확정금리로 예치하여 이자 수익을 얻을 수 있는 거치식 상품,1개월이상,3개월미만,10만원이상,제한없음,0.5
A17,웰컴저축은행,m - 정기예금 (복리),여유자금을 일정기간 동안 확정금리로 예치하여 이자 수익을 얻을 수 있는 거치식 상품,3개월이상,6개월미만,10만원이상,제한없음,1.3
A17,웰컴저축은행,m - 정기예금 (복리),여유자금을 일정기간 동안 확정금리로 예치하여 이자 수익을 얻을 수 있는 거치식 상품,6개월이상,12개월미만,10만원 이상,제한없음,2.5
A17,웰컴저축은행,m - 정기예금 (복리),여유자금을 일정기간 동안 확정금리로 예치하여 이자 수익을 얻을 수 있는 거치식 상품,12개월이상,24개월미만,10만원이상,제한없음,4.0
A17,웰컴저축은행,m - 정기예금 (복리),여유자금을 일정기간 동안 확정금리로 예치하여 이자 수익을 얻을 수 있는 거치식 상품,24개월이상,36개월미만,10만원이상,제한없음,3.5
A17,웰컴저축은행,m - 정기예금 (복리),여유자금을 일정기간 동안 확정금리로 예치하여 이자 수익을 얻을 수 있는 거치식 상품,36개월,36개월,10만원이상,제한없음,3.5
A17,웰컴저축은행,m - 정기예금 (단리),여유자금을 일정기간 동안 확정금리로 예치하여 이자 수익을 얻을 수 있는 거치식 상품,1개월이상,3개월미만,10만원이상,제한없음,0.5
A17,웰컴저축은행,m - 정기예금 (단리),여유자금을 일정기간 동안 확정금리로 예치하여 이자 수익을 얻을 수 있는 거치식 상품,3개월이상,6개월미만,10만원이상,제한없음,1.3
A17,웰컴저축은행,m - 정기예금 (단리),여유자금을 일정기간 동안 확정금리로 예치하여 이자 수익을 얻을 수 있는 거치식 상품,6개월이상,12개월미만,10만원이상,제한없음,2.5
A17,웰컴저축은행,m - 정기예금 (단리),여유자금을 일정기간 동안 확정금리로 예치하여 이자 수익을 얻을 수 있는 거치식 상품,12개월이상,24개월미만,10만원이상,제한없음,4.0
A17,웰컴저축은행,m - 정기예금 (단리),여유자금을 일정기간 동안 확정금리로 예치하여 이자 수익을 얻을 수 있는 거치식 상품,24개월이상,36개월이만,10만원이상,제한없음,3.5
E05,센트럴저축은행,정기예금(단리식),목돈을 일정기간 동안 예치하고 안정적인 수익을 추구하는 거치식 예금상품,3개월 이상,6개월 미만,10만원 이상,제한없음,2.2
D05,드림저축은행,톡톡 정기예금(복리식),고객님의 여유자금을 맡기시면 최고의 수익률을 보장하는 고수익 예금입니다. 매월 이자가 원금에 가산되어 만기시에 이자를 드리는 복리식 정기예금.,6개월 이상,9개월 미만,10만원 이상,제한없음,3.2
D05,드림저축은행,톡톡 정기예금(복리식),고객님의 여유자금을 맡기시면 최고의 수익률을 보장하는 고수익 예금입니다. 매월 이자가 원금에 가산되어 만기시에 이자를 드리는 복리식 정기예금.,9개월 이상,12개월 미만,10만원 이상,제한없음,3.2
D05,드림저축은행,톡톡 정기예금(복리식),고객님의 여유자금을 맡기시면 최고의 수익률을 보장하는 고수익 예금입니다. 매월 이자가 원금에 가산되어 만기시에 이자를 드리는 복리식 정기예금.,12개월 이상,15개월 미만,10만원 이상,제한없음,4.3
A17,웰컴저축은행,웰뱅 회전 정기예금 (복리),회전주기(1년)마다 우대금리를 더해 자동 회전하는 정기예금,36개월,36개월,10만원이상,제한없음,4.0
A17,웰컴저축은행,웰뱅 회전 정기예금 (단리),회전주기(1년)마다 우대금리를 더해 자동 회전하는 정기예금,36개월,36개월,10만원이상,제한없음,4.0
D05,드림저축은행,톡톡 정기예금(복리식),고객님의 여유자금을 맡기시면 최고의 수익률을 보장하는 고수익 예금입니다. 매월 이자가 원금에 가산되어 만기시에 이자를 드리는 복리식 정기예금.,15개월 이상,18개월 미만,10만원 이상,제한없음,4.1
A17,웰컴저축은행,정기예금 (복리),여유자금을 일정기간 동안 확정금리로 예치하여 이자 수익을 얻을 수 있는 거치식 상품,24개월이상,36개월미만,10만원이상,제한없음,3.5
A17,웰컴저축은행,정기예금 (복리),여유자금을 일정기간 동안 확정금리로 예치하여 이자 수익을 얻을 수 있는 거치식 상품,36개월,36개월,10만원이상,제한없음,3.5
A17,웰컴저축은행,정기예금 (단리),여유자금을 일정기간 동안 확정금리로 예치하여 이자 수익을 얻을 수 있는 거치식 상품,1개월이상,3개월미만,10만원이상,제한없음,0.5
A17,웰컴저축은행,정기예금 (단리),여유자금을 일정기간 동안 확정금리로 예치하여 이자 수익을 얻을 수 있는 거치식 상품,3개월이상,6개월미만,10만원이상,제한없음,1.3
A17,웰컴저축은행,정기예금 (단리),여유자금을 일정기간 동안 확정금리로 예치하여 이자 수익을 얻을 수 있는 거치식 상품,6개월이상,12개월미만,10만원이상,제한없음,2.5
A17,웰컴저축은행,정기예금 (단리),여유자금을 일정기간 동안 확정금리로 예치하여 이자 수익을 얻을 수 있는 거치식 상품,12개월이상,24개월미만,10만원이상,제한없음,4.0
A17,웰컴저축은행,정기예금 (단리),여유자금을 일정기간 동안 확정금리로 예치하여 이자 수익을 얻을 수 있는 거치식 상품,24개월이상,36개월미만,10만원이상,제한없음,3.5
A17,웰컴저축은행,정기예금 (단리),여유자금을 일정기간 동안 확정금리로 예치하여 이자 수익을 얻을 수 있는 거치식 상품,36개월,36개월,10만원이상,제한없음,3.5
A22,푸른저축,장기 정기예금,금리 하락 시에도 안전한 확정금리 상품으로 고객님의 여유자금을 안전하게 운용할 수 있는 고금리 상품,25개월이상,60개월이하,10만원 이상,제한없음,4.1
F05,오투저축은행,비대면 정기예금(단리),일정기간 동안 목돈을 예치하고 만기에 이자를 지급하는 거치식 상품,3개월이상,6개월미만,10만원이상,제한없음,3.0
A23,하나저축,세바퀴정기예금,회전주기 (매1년) 마다 계약기간 이내에서 이자율 변동 및 이자를 지급하는 장기 정기예금,36개월,36개월,10만원이상,제한없음,3.7
003,기업은행,i-ONE 놀이터예금,스탬프 적립에 따라 우대금리를 제공하는 비대면전용 거치식예금 상품,3개월이상,6개월미만,1백만원 이상,3천만원까지,3.05
F01,대명저축은행,E-플러스 단리식(신규),일정금액을 일정기간동안 예치하여 월단위로 이자를 받는 상품으로 목돈 운용에 적합,6개월,6개월,10만원이상,제한없음,3.5
F01,대명저축은행,E-플러스 단리식(신규),일정금액을 일정기간동안 예치하여 월단위로 이자를 받는 상품으로 목돈운용에 적합,12개월,12개월,10만원이상,제한없음,3.8
F01,대명저축은행,E-플러스 복리식 (신규),일정금액을 일정기간동안 예치하여 만기시 이자를 받는 상품으로 목돈 운용에 적합,6개월,6개월,10만원이상,제한없음,3.5
F01,대명저축은행,E-플러스 복리식 (신규),일정금액을 일정기간동안 예치하여 만기시 이자를 받는 상품으로 목돈 운용에 적합,12개월,12개월,10만원이상,제한없음,3.8
F05,오투저축은행,비대면 정기예금(복리),일정기간 동안 목돈을 예치하고 만기에 이자를 지급하는 거치식 상품,6개월이상,12개월미만,10만원이상,제한없음,3.5
F02,상상인플러스저축은행,정기예금(비대면),영업점 방문없이 스마트폰을 이용해 개설이 가능하며 일정기긴동안 목돈을 예치하고 매월 또는 만기에 잊를 지급받는 거치식상품입니다,12개월이상,24개월미만,10만원이상,제한없음,4.0
F02,상상인플러스저축은행,정기예금 (비대면)_단기,"영업점 방문없이 스마트폰을 이용해 개설이 가능하며, 일정기간동안 목돈을 예치하고 매월 또는 만기에 이자를 지급 받는 거치식 상품입니다.",1개월이상,3개월미만,10만원이상,제한없음,2.21
F02,상상인플러스저축은행,정기예금(비대면),영업점 방문없이 스마트폰을 이용해 개설이 가능하며 일정기긴동안 목돈을 예치하고 매월 또는 만기에 잊를 지급받는 거치식상품입니다,24개월,24개월,10만원이상,제한없음,4.1
F02,상상인플러스저축은행,정기예금 (비대면)_단기,"영업점 방문없이 스마트폰을 이용해 개설이 가능하며, 일정기간동안 목돈을 예치하고 매월 또는 만기에 이자를 지급 받는 거치식 상품입니다.",3개월이상,6개월미만,10만원이상,제한없음,2.31
F02,상상인플러스저축은행,정기예금 (비대면)_단기,"영업점 방문없이 스마트폰을 이용해 개설이 가능하며, 일정기간동안 목돈을 예치하고 매월 또는 만기에 이자를 지급 받는 거치식 상품입니다.",6개월이상,12개월미만,10만원이상,제한없음,2.41
F02,상상인플러스저축은행,회전정기예금,일정기간동안 목돈을 예치하고 매월 또는 만기에 이자를 지급 받는 거치식 상품입니다.,12개월,12개월,10만원이상,제한없음,4.15
F02,상상인플러스저축은행,회전정기예금,일정기간동안 목돈을 예치하고 매월 또는 만기에 이자를 지급 받는 거치식 상품입니다.,12개월,12개월,10만원이상,제한없음,4.15
F02,상상인플러스저축은행,회전정기예금(비대면),"영업점 방문없이 스마트폰을 이용해 개설이 가능하며, 일정기간동안 목돈을 예치하고 매월 또는 만기에 이자를 지급 받는 거치식 상품입니다.",12개월,12개월,10만원이상,제한없음,4.2
F05,오투저축은행,정기예금,일정기간 동안목돈을 예치하고 만기에  이자를 지급 받는 거치식 상품,3개월이상,6개월미만,10만원이상,제한없음,3.0
F02,상상인플러스저축은행,회전정기예금,일정기간동안 목돈을 예치하고 매월 또는 만기에 이자를 지급 받는 거치식 상품입니다.,12개월,12개월,10만원이상,제한없음,4.15
F02,상상인플러스저축은행,회전정기예금,일정기간동안 목돈을 예치하고 매월 또는 만기에 이자를 지급 받는 거치식 상품입니다.,12개월,12개월,10만원이상,제한없음,4.15
F02,상상인플러스저축은행,회전정기예금(비대면),"영업점 방문없이 스마트폰을 이용해 개설이 가능하며, 일정기간동안 목돈을 예치하고 매월 또는 만기에 이자를 지급 받는 거치식 상품입니다.",12개월,12개월,10만원이상,제한없음,4.2
F02,상상인플러스저축은행,회전정기예금(비대면),"영업점 방문없이 스마트폰을 이용해 개설이 가능하며, 일정기간동안 목돈을 예치하고 매월 또는 만기에 이자를 지급 받는 거치식 상품입니다.",12개월,12개월,10만원이상,제한없음,4.2
F05,오투저축은행,복리정기예금,일정기간 동안 목돈을 예치하고 만기에 이자를 지급 받는 거치식 상품,12개월이상,24개월미만,10만원이상,제한없음,4.3
F05,오투저축은행,복리정기예금,일정기간 동안 목돈을 예치하고 만기에 이자를 지급 받는 거치식 상품,24개월이상,36개월이하,10만원이상,제한없음,3.9
F05,오투저축은행,회전식정기예금(단리),회전기간별 약정이율로 복리계산하여 이자 및 원금을 만기시점에 일시지급,36개월,36개월,10만원이상,제한없음,4.3
F05,오투저축은행,e-정기예금,일정기간 동안 목돈을 예치하고 매월 이자를 지급 받는 거치식 상품,12개월이상,24개월미만,10만원이상,제한없음,4.3
F05,오투저축은행,e-정기예금,일정기간 동안 목돈을 예치하고 매월 이자를 지급 받는 거치식 상품,24개월이상,36개월이하,10만원이상,제한없음,3.9
F05,오투저축은행,e-복리정기예금,일정기간 동안 목돈을 예치하고 만기에 이자를 지급 받는 거치식 상품,12개월이상,24개월미만,10만원이상,제한없음,4.3
F05,오투저축은행,e-복리정기예금,일정기간 동안 목돈을 예치하고 만기에 이자를 지급 받는 거치식 상품,24개월이상,36개월이하,10만원이상,제한없음,3.9
F05,오투저축은행,비대면 정기예금(단리),일정기간 동안 목돈을 예치하고 만기에 이자를 지급하는 거치식 상품,12개월이상,24개월미만,10만원이상,제한없음,4.3
003,기업은행,i-ONE 놀이터예금,스탬프 적립에 따라 우대금리를 제공하는 비대면전용 거치식예금 상품,6개월이상,12개월미만,1백만원 이상,3천만원까지 (동일인당한도3천만원),3.1
Z03,카카오뱅크,정기예금,"자유롭게 기간을 정하고, 일정한 금액을 한번에 예치하여 목돈을 굴리는 상품 ? 급하게 돈이 필요한 경우 해지 없이도 가입금액 중 일부를 출금할 수 있고, 자동해지, 자동연장 등 만기도 자동으로 관리 가능",1개월이상,3개월미만,100만원이상,제한없음,3.0
007,수협은행,일반정기예금,계약기간을 1개월이상 5년이하로 하는 거치식예금,6개월 이상,12개월 미만,1만원 이상,제한없음,2.3
007,수협은행,일반정기예금,계약기간을 1개월이상 5년이하로 하는 거치식예금,24개월 이상,36개월 미만,1만원 이상,제한없음,2.65
007,수협은행,일반정기예금,계약기간을 1개월이상 5년이하로 하는 거치식예금,36개월 이상,60개월 이하,1만원 이상,제한없음,2.7
D07,머스트삼일저축은행,정기예금 단리식,일정금액을 일정기간 동안 예치하여 월 단위 정해진 이자를 받은 상품으로 목돈 운용에 적합,12개월 이상,24개월 미만,10만원 이상,제한없음,3.8
088,신한은행,Tops보증 정기예금(기명식),서울보증보험㈜의 이행보증보험증권 발급과 관련 보증금액의 일정비율을 담보금으로 예치하기 위한 용도의 1년단위 회전형 정기예금,12개월 이상,180개월 이하,1만원 이상,제한없음,2.65
F05,오투저축은행,비대면 정기예금(단리),일정기간 동안 목돈을 예치하고 만기에 이자를 지급하는 거치식 상품,6개월이상,12개월미만,10만원이상,제한없음,3.5
007,수협은행,일반정기예금,계약기간을 1개월이상 5년이하로 하는 거치식예금,3개월 이상,6개월 미만,1만원 이상,제한없음,2.2
D07,머스트삼일저축은행,정기예금 단리식,일정금액을 일정기간 동안 예치하여 월 단위 정해진 이자를 받은 상품으로 목돈 운용에 적합,24개월 이상,36개월 미만,10만원 이상,제한없음,2.8
088,신한은행,정기예금,목돈을 일정기간 동안 예치하여 안정적인 수익을 목적으로 하는 확정금리 예금상품,1개월 이상,3개월 미만,1만원 이상,제한없음,2.1
088,신한은행,정기예금,목돈을 일정기간 동안 예치하여 안정적인 수익을 목적으로 하는 확정금리 예금상품,9개월 이상,12개월 미만,1만원 이상,제한없음,2.55
A03,KB저축은행,정기예금,확정금리로 높은 수익을 누리는 정기예금,6개월 이상,12개월 미만,100만원 이상,제한없음,2.5
088,신한은행,정기예금,목돈을 일정기간 동안 예치하여 안정적인 수익을 목적으로 하는 확정금리 예금상품,24개월 이상,36개월 미만,1만원 이상,제한없음,2.7
088,신한은행,정기예금,목돈을 일정기간 동안 예치하여 안정적인 수익을 목적으로 하는 확정금리 예금상품,60개월,60개월,1만원 이상,제한없음,2.9
F05,오투저축은행,비대면 정기예금(단리),일정기간 동안 목돈을 예치하고 만기에 이자를 지급하는 거치식 상품,24개월이상,36개월이하,10만원이상,제한없음,3.9
032,부산은행,정기예금,"목돈을 일정기간 예치하여 매월 이자를 지급하거나 
만기에 일시금으로 수령하는 목돈운용상품",24개월 이상,36개월 미만,100원,제한없음,2.7
F05,오투저축은행,비대면 정기예금(복리),일정기간 동안 목돈을 예치하고 만기에 이자를 지급하는 거치식 상품,12개월이상,24개월미만,10만원이상,제한없음,4.3
Z03,카카오뱅크,정기예금,"자유롭게 기간을 정하고, 일정한 금액을 한번에 예치하여 목돈을 굴리는 상품 ? 급하게 돈이 필요한 경우 해지 없이도 가입금액 중 일부를 출금할 수 있고, 자동해지, 자동연장 등 만기도 자동으로 관리 가능",6개월이상,12개월미만,100만원이상,제한없음,3.3
Z03,카카오뱅크,정기예금,"자유롭게 기간을 정하고, 일정한 금액을 한번에 예치하여 목돈을 굴리는 상품 ? 급하게 돈이 필요한 경우 해지 없이도 가입금액 중 일부를 출금할 수 있고, 자동해지, 자동연장 등 만기도 자동으로 관리 가능",12개월이상,36개월이하,100만원이상,제한없음,3.5
